"logFC_PIPD_30m","logFC_PIPD_2h","logFC_PIPD_8h","PTM_collapse_key","PTM","Protein","Site_M","Site","M","Specific","Main_effect"
-0.0325301,0.0628463,0.295522,"AKT1_S124_M1","AKT1_S124","AKT1","S124_M1","S124","M1",0,"Activates"
-0.625083,0.291632,-1.03279,"AKT1_S124_M2","AKT1_S124","AKT1","S124_M2","S124","M2",0,"Activates"
0.163553,0.301152,0.178725,"AKT1_S129_M1","AKT1_S129","AKT1","S129_M1","S129","M1",0,"Activates"
-0.601777,NA,-1.00749,"AKT1_S129_M2","AKT1_S129","AKT1","S129_M2","S129","M2",0,"Activates"
0.474954,0.281393,0.2286,"AKT1S1_S183_M1","AKT1S1_S183","AKT1S1","S183_M1","S183","M1",0,"Other"
-0.33574,1.0912,-6.35924,"AKT1S1_S202_M2","AKT1S1_S202","AKT1S1","S202_M2","S202","M2",0,"Other"
-0.128961,-0.266895,-1.44957,"AKT1S1_S203_M2","AKT1S1_S203","AKT1S1","S203_M2","S203","M2",0,"Other"
-0.345326,0.116963,NA,"AKT1S1_S211_M2","AKT1S1_S211","AKT1S1","S211_M2","S211","M2",0,NA
0.372678,0.339806,-0.336161,"AKT1S1_S212_M1","AKT1S1_S212","AKT1S1","S212_M1","S212","M1",0,NA
-0.782088,NA,-6.98026,"AKT1S1_S212_M2","AKT1S1_S212","AKT1S1","S212_M2","S212","M2",0,NA
0.902907,NA,NA,"AKT1S1_S88_M1","AKT1S1_S88","AKT1S1","S88_M1","S88","M1",0,NA
-0.505558,-0.565648,-1.56665,"AKT1S1_S88_M2","AKT1S1_S88","AKT1S1","S88_M2","S88","M2",0,NA
-0.554096,-0.81523,-1.69804,"AKT1S1_S92_M2","AKT1S1_S92","AKT1S1","S92_M2","S92","M2",0,NA
0.362074,0.355626,0.967871,"AKT1S1_T246_M1","AKT1S1_T246","AKT1S1","T246_M1","T246","M1",0,"Both"
1.86157,-2.37616,2.36233,"AKT1S1_T90_M2","AKT1S1_T90","AKT1S1","T90_M2","T90","M2",0,NA
0.090483,-2.75919,-0.838017,"ARAF_S186_M1","ARAF_S186","ARAF","S186_M1","S186","M1",0,NA
-2.3943,-14.3219,-17.0673,"ARAF_S186_M2","ARAF_S186","ARAF","S186_M2","S186","M2",0,NA
NA,NA,0.155149,"ARAF_S257_M1","ARAF_S257","ARAF","S257_M1","S257","M1",0,"Activates"
-2.4965,-1.55311,-0.622746,"ARAF_T181_M1","ARAF_T181","ARAF","T181_M1","T181","M1",1,NA
-2.3943,-14.311,-17.0673,"ARAF_T181_M2","ARAF_T181","ARAF","T181_M2","T181","M2",0,NA
0.270762,-0.0146748,0.295036,"ARAF_Y155_M1","ARAF_Y155","ARAF","Y155_M1","Y155","M1",0,NA
0.304724,0.104755,0.255317,"BRAF_S365_M1","BRAF_S365","BRAF","S365_M1","S365","M1",0,"Inhibits"
0.416057,0.609468,-0.160303,"BRAF_S446_M1","BRAF_S446","BRAF","S446_M1","S446","M1",0,"Activates"
NA,1.35614,0.305134,"BRAF_S614_M1","BRAF_S614","BRAF","S614_M1","S614","M1",0,"Inhibits"
0.709996,-0.257384,1.25392,"BRAF_S729_M1","BRAF_S729","BRAF","S729_M1","S729","M1",1,"Activates"
-1.09787,-1.51295,-0.607856,"BRAF_S750_M1","BRAF_S750","BRAF","S750_M1","S750","M1",0,"Other"
NA,-0.125861,0.615236,"BRAF_T401_M1","BRAF_T401","BRAF","T401_M1","T401","M1",0,"Inhibits"
NA,-0.554584,1.22655,"CASP2_S157_M1","CASP2_S157","CASP2","S157_M1","S157","M1",0,"Inhibits"
1.50549,NA,NA,"CASP4_S83_M1","CASP4_S83","CASP4","S83_M1","S83","M1",1,NA
0.647935,NA,NA,"CASP7_S16_M1","CASP7_S16","CASP7","S16_M1","S16","M1",0,NA
0.123189,0.334923,-1.3255,"CTNNA1_S641_M1","CTNNA1_S641","CTNNA1","S641_M1","S641","M1",0,"Other"
-0.552928,0.39628,-0.528267,"CTNNA1_S652_M2","CTNNA1_S652","CTNNA1","S652_M2","S652","M2",0,NA
0.366387,0.156049,0.581195,"CTNNA1_S655_M1","CTNNA1_S655","CTNNA1","S655_M1","S655","M1",0,NA
-0.501703,0.388616,-1.21984,"CTNNA1_S655_M2","CTNNA1_S655","CTNNA1","S655_M2","S655","M2",0,NA
-0.164471,0.832722,-1.76948,"CTNNA1_T654_M2","CTNNA1_T654","CTNNA1","T654_M2","T654","M2",0,NA
-0.155826,0.624044,-1.83023,"CTNNA1_T658_M2","CTNNA1_T658","CTNNA1","T658_M2","T658","M2",0,NA
NA,NA,1.46994,"DUSP16_S501_M1","DUSP16_S501","DUSP16","S501_M1","S501","M1",0,NA
-0.371541,NA,-0.00241359,"DUSP16_S508_M1","DUSP16_S508","DUSP16","S508_M1","S508","M1",0,NA
-0.0169663,0.149441,-0.0797165,"DUSP16_S612_M1","DUSP16_S612","DUSP16","S612_M1","S612","M1",0,NA
NA,NA,-1.29359,"DUSP16_S627_M1","DUSP16_S627","DUSP16","S627_M1","S627","M1",1,NA
0.0135836,NA,-0.898443,"EIF2S2_S105_M1","EIF2S2_S105","EIF2S2","S105_M1","S105","M1",1,NA
-0.754966,0.369582,-0.538707,"EIF2S2_S105_M2","EIF2S2_S105","EIF2S2","S105_M2","S105","M2",0,NA
-1.05811,-0.715755,-0.823673,"EIF2S2_S13_M2","EIF2S2_S13","EIF2S2","S13_M2","S13","M2",0,NA
-0.0222399,0.143473,-0.292332,"EIF2S2_S2_M1","EIF2S2_S2","EIF2S2","S2_M1","S2","M1",0,NA
-1.05811,-0.715755,-0.823673,"EIF2S2_S2_M2","EIF2S2_S2","EIF2S2","S2_M2","S2","M2",0,NA
0.204978,-0.555811,-1.09023,"EIF2S2_S67_M1","EIF2S2_S67","EIF2S2","S67_M1","S67","M1",0,NA
-0.754966,0.369582,-0.538707,"EIF2S2_T111_M2","EIF2S2_T111","EIF2S2","T111_M2","T111","M2",0,NA
0.638037,-0.143501,-0.187617,"EIF4EBP1_S101_M1","EIF4EBP1_S101","EIF4EBP1","S101_M1","S101","M1",0,NA
-1.12663,-0.789672,-1.59883,"EIF4EBP1_S101_M2","EIF4EBP1_S101","EIF4EBP1","S101_M2","S101","M2",0,NA
0.585184,0.691411,1.1378,"EIF4EBP1_S112_M1","EIF4EBP1_S112","EIF4EBP1","S112_M1","S112","M1",0,"Other"
0.333846,-0.820582,-1.8732,"EIF4EBP1_S44_M2","EIF4EBP1_S44","EIF4EBP1","S44_M2","S44","M2",0,NA
-0.179579,0.652284,0.683162,"EIF4EBP1_S65_M1","EIF4EBP1_S65","EIF4EBP1","S65_M1","S65","M1",0,"Inhibits"
-1.4756,-0.260089,-0.84607,"EIF4EBP1_S65_M2","EIF4EBP1_S65","EIF4EBP1","S65_M2","S65","M2",0,"Inhibits"
-0.708625,-1.0072,-1.26982,"EIF4EBP1_S83_M2","EIF4EBP1_S83","EIF4EBP1","S83_M2","S83","M2",0,"Other"
0.913191,-0.257328,0.0103755,"EIF4EBP1_S96_M1","EIF4EBP1_S96","EIF4EBP1","S96_M1","S96","M1",0,NA
-0.753561,NA,-14.8967,"EIF4EBP1_T37_M2","EIF4EBP1_T37","EIF4EBP1","T37_M2","T37","M2",0,"Inhibits"
-0.760269,-0.0321088,-1.4343,"EIF4EBP1_T46_M2","EIF4EBP1_T46","EIF4EBP1","T46_M2","T46","M2",0,"Inhibits"
NA,NA,-0.685889,"EIF4EBP1_T68_M1","EIF4EBP1_T68","EIF4EBP1","T68_M1","T68","M1",0,NA
-0.44159,-0.12471,-0.5853,"EIF4EBP1_T68_M2","EIF4EBP1_T68","EIF4EBP1","T68_M2","T68","M2",0,NA
-0.178202,-0.351758,0.467885,"EIF4EBP1_T70_M1","EIF4EBP1_T70","EIF4EBP1","T70_M1","T70","M1",0,"Inhibits"
-1.28429,-0.381845,-1.03707,"EIF4EBP1_T70_M2","EIF4EBP1_T70","EIF4EBP1","T70_M2","T70","M2",0,"Inhibits"
0.382304,0.111372,-0.164844,"EIF4EBP1_T77_M1","EIF4EBP1_T77","EIF4EBP1","T77_M1","T77","M1",0,NA
-1.17344,-0.824185,-1.1206,"EIF4EBP1_T77_M2","EIF4EBP1_T77","EIF4EBP1","T77_M2","T77","M2",0,NA
-0.206332,-0.359995,1.06456,"EIF4EBP1_T82_M1","EIF4EBP1_T82","EIF4EBP1","T82_M1","T82","M1",0,NA
-0.620355,-0.515241,-1.42124,"EIF4EBP1_Y34_M2","EIF4EBP1_Y34","EIF4EBP1","Y34_M2","Y34","M2",0,NA
-0.767835,1.78067,NA,"FOXO1_S287_M1","FOXO1_S287","FOXO1","S287_M1","S287","M1",0,"Other"
0.0152717,0.594311,0.440392,"FOXO1_T478_M1","FOXO1_T478","FOXO1","T478_M1","T478","M1",0,NA
-0.550169,-1.20226,NA,"FOXO3_S12_M1","FOXO3_S12","FOXO3","S12_M1","S12","M1",0,NA
0.0553218,-1.95e-05,-0.257369,"FOXO3_S12_M2","FOXO3_S12","FOXO3","S12_M2","S12","M2",0,NA
NA,0.123182,NA,"FOXO3_S299_M1","FOXO3_S299","FOXO3","S299_M1","S299","M1",0,NA
NA,-0.0885597,NA,"FOXO3_S311_M1","FOXO3_S311","FOXO3","S311_M1","S311","M1",0,NA
0.967577,0.881333,2.05675,"FOXO3_S43_M1","FOXO3_S43","FOXO3","S43_M1","S43","M1",0,NA
1.18569,0.863862,3.43197,"FOXO3_S43_M2","FOXO3_S43","FOXO3","S43_M2","S43","M2",0,NA
NA,0.0878612,NA,"FOXO3_S7_M1","FOXO3_S7","FOXO3","S7_M1","S7","M1",0,"Other"
0.0553218,-1.95e-05,-0.257369,"FOXO3_S7_M2","FOXO3_S7","FOXO3","S7_M2","S7","M2",0,"Other"
NA,NA,-0.24328,"FOXO3_T32_M1","FOXO3_T32","FOXO3","T32_M1","T32","M1",0,"Both"
1.18569,0.863862,3.4275,"FOXO3_T32_M2","FOXO3_T32","FOXO3","T32_M2","T32","M2",0,"Both"
-0.00965144,-0.462547,0.376613,"GAB1_S266_M1","GAB1_S266","GAB1","S266_M1","S266","M1",0,NA
-0.426723,-0.832133,NA,"GAB1_S274_M1","GAB1_S274","GAB1","S274_M1","S274","M1",0,NA
0.568939,-0.282591,0.224913,"GAB1_S355_M1","GAB1_S355","GAB1","S355_M1","S355","M1",0,NA
0.238223,0.154015,0.517325,"GAB1_S381_M1","GAB1_S381","GAB1","S381_M1","S381","M1",0,NA
NA,NA,0.383523,"GAB1_S419_M1","GAB1_S419","GAB1","S419_M1","S419","M1",0,NA
0.276727,0.288393,0.320335,"GAB1_S454_M1","GAB1_S454","GAB1","S454_M1","S454","M1",0,NA
NA,0.82819,-1.27558,"GAB1_S454_M2","GAB1_S454","GAB1","S454_M2","S454","M2",0,NA
-0.621855,-1.38097,0.673135,"GAB1_S551_M1","GAB1_S551","GAB1","S551_M1","S551","M1",0,NA
-0.128881,-0.389131,0.487182,"GAB1_T434_M1","GAB1_T434","GAB1","T434_M1","T434","M1",0,NA
0.3759,0.0515956,0.216474,"GAB1_T503_M1","GAB1_T503","GAB1","T503_M1","T503","M1",0,NA
-1.01765,-1.25594,0.344497,"GAB1_Y373_M1","GAB1_Y373","GAB1","Y373_M1","Y373","M1",0,"Other"
NA,0.664933,-2.30515,"GAB1_Y447_M2","GAB1_Y447","GAB1","Y447_M2","Y447","M2",0,"Other"
0.0883514,NA,-0.103928,"GAB1_Y627_M1","GAB1_Y627","GAB1","Y627_M1","Y627","M1",0,"Other"
0.119759,0.0283835,0.551747,"GAB1_Y659_M1","GAB1_Y659","GAB1","Y659_M1","Y659","M1",0,"Other"
0.316446,-0.708927,-0.433371,"GAB2_S140_M1","GAB2_S140","GAB2","S140_M1","S140","M1",0,NA
0.220592,-0.209911,0.224012,"GAB2_S368_M1","GAB2_S368","GAB2","S368_M1","S368","M1",0,NA
-0.0795493,-1.78837,0.551403,"GAB2_S543_M1","GAB2_S543","GAB2","S543_M1","S543","M1",0,NA
0.233907,0.0773439,-0.543287,"GAB2_Y452_M1","GAB2_Y452","GAB2","Y452_M1","Y452","M1",0,"Other"
-1.09908,0.457701,-1.57454,"GSK3A_S85_M1","GSK3A_S85","GSK3A","S85_M1","S85","M1",0,NA
0.265015,0.246561,0.786324,"GSK3A_Y279_M1","GSK3A_Y279","GSK3A","Y279_M1","Y279","M1",0,"Activates"
NA,3.12108,NA,"GSK3B_S9_M1","GSK3B_S9","GSK3B","S9_M1","S9","M1",0,"Inhibits"
0.711234,0.12605,NA,"GYS1_S412_M1","GYS1_S412","GYS1","S412_M1","S412","M1",0,NA
-0.995618,-0.0876362,-1.07561,"GYS1_S641_M2","GYS1_S641","GYS1","S641_M2","S641","M2",0,"Inhibits"
NA,0.0228708,-0.00218189,"GYS1_S645_M1","GYS1_S645","GYS1","S645_M1","S645","M1",0,"Inhibits"
0.046774,-0.0545091,-1.2066,"GYS1_S645_M2","GYS1_S645","GYS1","S645_M2","S645","M2",0,"Inhibits"
-1.85355,-0.00956995,NA,"GYS1_S653_M2","GYS1_S653","GYS1","S653_M2","S653","M2",0,"Inhibits"
-1.85355,-0.00956995,NA,"GYS1_S657_M2","GYS1_S657","GYS1","S657_M2","S657","M2",0,"Inhibits"
0.368222,0.252328,1.2115,"GYS1_S710_M1","GYS1_S710","GYS1","S710_M1","S710","M1",0,NA
0.55436,-0.514498,-0.232516,"GYS1_S727_M1","GYS1_S727","GYS1","S727_M1","S727","M1",0,NA
0.408448,-0.0143607,0.311675,"IKBKB_S672_M1","IKBKB_S672","IKBKB","S672_M1","S672","M1",0,NA
NA,NA,-2.45924,"IKBKB_S697_M1","IKBKB_S697","IKBKB","S697_M1","S697","M1",0,NA
1.0743,0.0449616,1.8089,"MAP2K1_T286_M1","MAP2K1_T286","MAP2K1","T286_M1","T286","M1",0,"Inhibits"
-0.969309,-1.14608,-1.52885,"MAP2K1_T386_M1","MAP2K1_T386","MAP2K1","T386_M1","T386","M1",0,"Other"
2.49875,2.92201,2.99642,"MAP2K2_S226_M1","MAP2K2_S226","MAP2K2","S226_M1","S226","M1",0,"Activates"
-0.96018,NA,-2.83799,"MAP2K2_S293_M2","MAP2K2_S293","MAP2K2","S293_M2","S293","M2",0,NA
0.095713,-0.163885,-1.12433,"MAP2K2_S295_M1","MAP2K2_S295","MAP2K2","S295_M1","S295","M1",0,NA
-0.96018,NA,-2.83799,"MAP2K2_S295_M2","MAP2K2_S295","MAP2K2","S295_M2","S295","M2",0,NA
0.398857,0.148249,-0.0167182,"MAP2K2_S306_M1","MAP2K2_S306","MAP2K2","S306_M1","S306","M1",0,"Other"
0.482071,-0.189846,1.06033,"MAP2K2_T394_M1","MAP2K2_T394","MAP2K2","T394_M1","T394","M1",0,"Activates"
0.530014,0.371733,0.3039,"MAP2K3_S218_M1","MAP2K3_S218","MAP2K3","S218_M1","S218","M1",0,"Activates"
-0.0193147,0.123844,0.172491,"MAP2K4_S257_M1","MAP2K4_S257","MAP2K4","S257_M1","S257","M1",0,"Activates"
0.000884974,-0.274658,-0.590126,"MAP2K4_S26_M1","MAP2K4_S26","MAP2K4","S26_M1","S26","M1",0,NA
0.689471,0.865975,0.109351,"MAP2K4_S90_M1","MAP2K4_S90","MAP2K4","S90_M1","S90","M1",1,NA
0.987096,-0.730505,NA,"MAP2K4_Y397_M1","MAP2K4_Y397","MAP2K4","Y397_M1","Y397","M1",0,NA
0.212953,0.337343,1.06502,"MAP3K7_S389_M1","MAP3K7_S389","MAP3K7","S389_M1","S389","M1",0,NA
0.287624,-0.110221,0.643445,"MAP3K7_S439_M1","MAP3K7_S439","MAP3K7","S439_M1","S439","M1",0,"Other"
NA,NA,0.946606,"MAP3K7_T444_M1","MAP3K7_T444","MAP3K7","T444_M1","T444","M1",0,"Other"
-0.0912847,-0.130489,-0.306833,"MAP3K7_Y304_M1","MAP3K7_Y304","MAP3K7","Y304_M1","Y304","M1",0,NA
-2.05464,-1.2781,0.232721,"MAPK1_Y187_M1","MAPK1_Y187","MAPK1","Y187_M1","Y187","M1",0,"Activates"
0.253182,-0.113566,0.451692,"MAPK14_S2_M1","MAPK14_S2","MAPK14","S2_M1","S2","M1",0,NA
-1.33286,NA,-0.878036,"MAPK14_T180_M2","MAPK14_T180","MAPK14","T180_M2","T180","M2",0,"Activates"
-0.109091,0.398083,0.408955,"MAPK14_Y182_M1","MAPK14_Y182","MAPK14","Y182_M1","Y182","M1",0,"Activates"
-1.10777,NA,-1.03105,"MAPK14_Y182_M2","MAPK14_Y182","MAPK14","Y182_M2","Y182","M2",0,"Activates"
-5.6541,NA,-0.85746,"MAPK3_T202_M2","MAPK3_T202","MAPK3","T202_M2","T202","M2",0,"Activates"
-5.6245,NA,-0.833451,"MAPK3_T207_M2","MAPK3_T207","MAPK3","T207_M2","T207","M2",0,"Inhibits"
-2.79226,-1.89749,0.146274,"MAPK3_Y204_M1","MAPK3_Y204","MAPK3","Y204_M1","Y204","M1",0,"Activates"
-1.34057,-0.324522,-0.634861,"MDM2_S166_M1","MDM2_S166","MDM2","S166_M1","S166","M1",0,"Activates"
NA,0.815236,2.19465,"MKNK1_S221_M1","MKNK1_S221","MKNK1","S221_M1","S221","M1",0,NA
-0.625829,-0.457072,-0.876934,"MKNK1_S221_M2","MKNK1_S221","MKNK1","S221_M2","S221","M2",0,NA
-0.625829,-0.457072,-0.876934,"MKNK1_S226_M2","MKNK1_S226","MKNK1","S226_M2","S226","M2",0,NA
0.0856697,0.0942979,-0.0152925,"MTOR_S2448_M1","MTOR_S2448","MTOR","S2448_M1","S2448","M1",0,"Activates"
-0.874935,-0.333938,0.349632,"MTOR_S2450_M2","MTOR_S2450","MTOR","S2450_M2","S2450","M2",0,NA
-0.874935,-0.333938,0.349632,"MTOR_S2454_M2","MTOR_S2454","MTOR","S2454_M2","S2454","M2",0,NA
-1.64104,-0.773809,-1.43295,"MTOR_S2478_M2","MTOR_S2478","MTOR","S2478_M2","S2478","M2",0,NA
-1.64104,-0.773809,-1.43295,"MTOR_S2481_M2","MTOR_S2481","MTOR","S2481_M2","S2481","M2",0,"Activates"
0.643101,0.157608,0.230883,"NFKB1_S893_M1","NFKB1_S893","NFKB1","S893_M1","S893","M1",0,"Activates"
-0.531666,-0.38851,NA,"NFKB1_S903_M2","NFKB1_S903","NFKB1","S903_M2","S903","M2",0,NA
0.274238,-0.205397,0.360919,"NFKB1_S907_M1","NFKB1_S907","NFKB1","S907_M1","S907","M1",0,"Activates"
-0.531666,-0.38851,NA,"NFKB1_S907_M2","NFKB1_S907","NFKB1","S907_M2","S907","M2",0,"Activates"
0.389239,NA,NA,"NFKB1_S937_M1","NFKB1_S937","NFKB1","S937_M1","S937","M1",0,NA
0.490623,0.0702396,0.61496,"PDPK1_S241_M1","PDPK1_S241","PDPK1","S241_M1","S241","M1",0,"Activates"
0.433295,0.223821,0.0020615,"PIK3R1_S154_M1","PIK3R1_S154","PIK3R1","S154_M1","S154","M1",0,"Activates"
-0.0910827,NA,NA,"RAF1_S244_M1","RAF1_S244","RAF1","S244_M1","S244","M1",0,NA
0.480007,-0.0925129,0.714419,"RAF1_S259_M1","RAF1_S259","RAF1","S259_M1","S259","M1",0,"Inhibits"
-1.04576,-1.27178,-2.20382,"RAF1_S296_M2","RAF1_S296","RAF1","S296_M2","S296","M2",0,"Both"
-0.449575,-1.03525,-0.469986,"RAF1_S301_M1","RAF1_S301","RAF1","S301_M1","S301","M1",0,"Both"
-1.04576,-1.27178,-2.20382,"RAF1_S301_M2","RAF1_S301","RAF1","S301_M2","S301","M2",0,"Both"
0.284391,-0.384078,1.07397,"RAF1_S357_M1","RAF1_S357","RAF1","S357_M1","S357","M1",0,NA
NA,-0.952741,-0.827204,"RAF1_S642_M1","RAF1_S642","RAF1","S642_M1","S642","M1",0,"Inhibits"
NA,0.535117,NA,"RAF1_Y340_M1","RAF1_Y340","RAF1","Y340_M1","Y340","M1",0,"Both"
0.0629112,NA,NA,"RICTOR_S1219_M1","RICTOR_S1219","RICTOR","S1219_M1","S1219","M1",0,NA
-0.278578,-0.534703,-0.0644457,"RICTOR_S1235_M1","RICTOR_S1235","RICTOR","S1235_M1","S1235","M1",0,NA
0.374109,-0.201628,-0.121771,"RICTOR_S1396_M1","RICTOR_S1396","RICTOR","S1396_M1","S1396","M1",0,NA
-0.0235751,-0.495892,-0.463178,"RICTOR_S1591_M1","RICTOR_S1591","RICTOR","S1591_M1","S1591","M1",0,NA
0.0781196,0.127105,0.541635,"RICTOR_S21_M1","RICTOR_S21","RICTOR","S21_M1","S21","M1",0,NA
0.174857,0.0684643,0.312766,"RPS6KA1_S221_M1","RPS6KA1_S221","RPS6KA1","S221_M1","S221","M1",0,NA
-0.686285,-3.25524,0.267752,"RPS6KA1_S363_M1","RPS6KA1_S363","RPS6KA1","S363_M1","S363","M1",0,"Activates"
-5.5859,-17.8364,-1.88923,"RPS6KA1_S363_M2","RPS6KA1_S363","RPS6KA1","S363_M2","S363","M2",0,"Activates"
-5.58618,-17.8385,-1.88938,"RPS6KA1_S369_M2","RPS6KA1_S369","RPS6KA1","S369_M2","S369","M2",0,NA
-1.19969,-1.19341,0.0673109,"RPS6KA1_S380_M1","RPS6KA1_S380","RPS6KA1","S380_M1","S380","M1",1,NA
-10.4034,-10.4053,-4.82627,"RPS6KA1_T359_M2","RPS6KA1_T359","RPS6KA1","T359_M2","T359","M2",0,"Activates"
-1.2801,-0.93655,-1.65253,"RPS6KA4_S343_M2","RPS6KA4_S343","RPS6KA4","S343_M2","S343","M2",0,"Activates"
0.221643,-0.211452,0.864103,"RPS6KA4_S347_M1","RPS6KA4_S347","RPS6KA4","S347_M1","S347","M1",0,"Activates"
-1.10902,-0.686693,-1.58797,"RPS6KA4_S347_M2","RPS6KA4_S347","RPS6KA4","S347_M2","S347","M2",0,"Activates"
0.151095,0.0792817,0.455422,"RPS6KA4_S634_M1","RPS6KA4_S634","RPS6KA4","S634_M1","S634","M1",0,NA
-0.661889,-0.567421,-0.137156,"RPS6KA4_S682_M2","RPS6KA4_S682","RPS6KA4","S682_M2","S682","M2",0,NA
0.107051,NA,NA,"RPS6KA4_T687_M1","RPS6KA4_T687","RPS6KA4","T687_M1","T687","M1",0,"Activates"
-1.08698,-0.612173,-0.0129436,"RPS6KA4_T687_M2","RPS6KA4_T687","RPS6KA4","T687_M2","T687","M2",0,"Activates"
1.71812,-0.244519,-1.87368,"RPS6KA4_Y342_M2","RPS6KA4_Y342","RPS6KA4","Y342_M2","Y342","M2",0,NA
-0.639585,-0.265319,-0.50217,"RPS6KB1_S447_M2","RPS6KB1_S447","RPS6KB1","S447_M2","S447","M2",0,"Activates"
-0.639585,-0.265319,-0.50217,"RPS6KB1_S452_M2","RPS6KB1_S452","RPS6KB1","S452_M2","S452","M2",0,NA
-0.576191,-0.287009,-0.690881,"RPTOR_S859_M2","RPTOR_S859","RPTOR","S859_M2","S859","M2",0,"Other"
0.0685583,-0.129978,0.787084,"RPTOR_S863_M1","RPTOR_S863","RPTOR","S863_M1","S863","M1",0,"Activates"
-0.594466,-0.271592,-0.682417,"RPTOR_S863_M2","RPTOR_S863","RPTOR","S863_M2","S863","M2",0,"Activates"
0.17082,-0.550051,-0.36404,"RPTOR_S877_M1","RPTOR_S877","RPTOR","S877_M1","S877","M1",0,"Inhibits"
NA,-0.149349,NA,"TNFAIP1_S280_M1","TNFAIP1_S280","TNFAIP1","S280_M1","S280","M1",0,"Other"
NA,-0.449481,NA,"TNFAIP1_T285_M1","TNFAIP1_T285","TNFAIP1","T285_M1","T285","M1",0,NA
0.724748,0.94563,-2.15565,"USP7_S18_M1","USP7_S18","USP7","S18_M1","S18","M1",0,"Activates"
0.638077,0.242395,0.45273,"USP7_S963_M1","USP7_S963","USP7","S963_M1","S963","M1",0,NA
1.03009,0.406842,0.981849,"YAP1_S109_M1","YAP1_S109","YAP1","S109_M1","S109","M1",0,"Other"
1.03009,0.406842,0.981849,"YAP1_S109_M1","YAP1_S109","YAP1","S109_M1","S109","M1",0,"Inhibits"
0.754966,-0.265008,-0.295869,"YAP1_S127_M1","YAP1_S127","YAP1","S127_M1","S127","M1",0,"Both"
0.754966,-0.265008,-0.295869,"YAP1_S127_M1","YAP1_S127","YAP1","S127_M1","S127","M1",0,"Both"
0.754966,-0.265008,-0.295869,"YAP1_S127_M1","YAP1_S127","YAP1","S127_M1","S127","M1",0,"Other"
-0.121853,-0.269037,-1.25424,"YAP1_S127_M2","YAP1_S127","YAP1","S127_M2","S127","M2",0,"Both"
-0.121853,-0.269037,-1.25424,"YAP1_S127_M2","YAP1_S127","YAP1","S127_M2","S127","M2",0,"Both"
-0.121853,-0.269037,-1.25424,"YAP1_S127_M2","YAP1_S127","YAP1","S127_M2","S127","M2",0,"Other"
-0.256766,-1.14563,-1.32361,"YAP1_S138_M2","YAP1_S138","YAP1","S138_M2","S138","M2",0,"Other"
-0.256766,-1.14563,-1.32361,"YAP1_S138_M2","YAP1_S138","YAP1","S138_M2","S138","M2",0,"Other"
0.106424,NA,-7.37721,"YAP1_S149_M2","YAP1_S149","YAP1","S149_M2","S149","M2",0,NA
-0.151889,-0.143571,0.256597,"YAP1_S289_M1","YAP1_S289","YAP1","S289_M1","S289","M1",0,"Other"
-0.0953761,-0.318551,0.995858,"YAP1_S367_M1","YAP1_S367","YAP1","S367_M1","S367","M1",1,"Other"
0.573587,0.131486,0.0665842,"YAP1_S397_M1","YAP1_S397","YAP1","S397_M1","S397","M1",0,"Other"
-1.36485,NA,-1.37288,"YAP1_S397_M2","YAP1_S397","YAP1","S397_M2","S397","M2",0,"Other"
-0.405634,0.200514,-1.53445,"YAP1_S61_M1","YAP1_S61","YAP1","S61_M1","S61","M1",0,"Inhibits"
-0.405634,0.200514,-1.53445,"YAP1_S61_M1","YAP1_S61","YAP1","S61_M1","S61","M1",0,"Inhibits"
0.475924,0.119676,-0.425419,"YAP1_T114_M2","YAP1_T114","YAP1","T114_M2","T114","M2",0,NA
0.475924,0.119676,-0.425419,"YAP1_T119_M2","YAP1_T119","YAP1","T119_M2","T119","M2",0,NA
-0.17364,NA,NA,"YAP1_T143_M2","YAP1_T143","YAP1","T143_M2","T143","M2",0,"Other"
-0.0634909,NA,NA,"YAP1_T145_M2","YAP1_T145","YAP1","T145_M2","T145","M2",0,NA
NA,NA,-1.35778,"YAP1_T398_M2","YAP1_T398","YAP1","T398_M2","T398","M2",0,NA
-0.27426,-0.550536,0.813431,"YAP1_T412_M1","YAP1_T412","YAP1","T412_M1","T412","M1",0,NA
