Sample_ID	R1	paired_end	Organism	Sample_Biosource	Index1_p7 (If dual indexed libraries are submitted indicate what index sequence is used P7)	Index2_p5 (If libraries are submitted  indicate what index sequence is used P75)	Sample_Group	Customer_Comment	Timepoint	treatment	Project ID	RIN	Fragment_Length	Fragment_SD	Concentration
63	220324_K00251_0085_AHMTY7BBXY/GCF-2021-818/63_R1.fastq.gz	0	homo_sapiens	AGS Cells	TGCCGGTCAG	TTGTATCAGG	untreated		0.0	untreated	homo_sapiens	10.0	180.0	25.0	54.4
56	220324_K00251_0085_AHMTY7BBXY/GCF-2021-818/56_R1.fastq.gz	0	homo_sapiens	AGS Cells	CACTCAATTC	CACAACTTAA	DMSO		8.0	DMSO	homo_sapiens	10.0	180.0	25.0	165.0
104B	220324_K00251_0085_AHMTY7BBXY/GCF-2021-818/104B_R1.fastq.gz	0	homo_sapiens	AGS Cells	TCTCACACGC	TCACTGTCCG	5Z		2.0	5Z	homo_sapiens	10.0	180.0	25.0	110.0
40	220324_K00251_0085_AHMTY7BBXY/GCF-2021-818/40_R1.fastq.gz	0	homo_sapiens	AGS Cells	TCAATGGAGA	GTTGTAGTGC	PI		2.0	PI	homo_sapiens	10.0	180.0	25.0	71.5
66	220324_K00251_0085_AHMTY7BBXY/GCF-2021-818/66_R1.fastq.gz	0	homo_sapiens	AGS Cells	ATATGCATGT	CCAGGCACCA	untreated		0.0	untreated	homo_sapiens	10.0	180.0	25.0	194.0
74	220324_K00251_0085_AHMTY7BBXY/GCF-2021-818/74_R1.fastq.gz	0	homo_sapiens	AGS Cells	ATGGCGCCTG	AGGCCGTGGA	PI	425 ul lysis buffer	2.0	PI	homo_sapiens	10.0	180.0	25.0	168.0
108	220324_K00251_0085_AHMTY7BBXY/GCF-2021-818/108_R1.fastq.gz	0	homo_sapiens	AGS Cells	TCCGTTATGT	TACACTACAA	PD_PI		2.0	PD_PI	homo_sapiens	10.0	180.0	25.0	88.9
64	220324_K00251_0085_AHMTY7BBXY/GCF-2021-818/64_R1.fastq.gz	0	homo_sapiens	AGS Cells	GGTCTATTAA	CGTGTCGTGG	untreated		0.0	untreated	homo_sapiens	10.0	180.0	25.0	105.0
123	220324_K00251_0085_AHMTY7BBXY/GCF-2021-818/123_R1.fastq.gz	0	homo_sapiens	AGS Cells	CAGCAATCGT	ATACATCACA	PI		24.0	PI	homo_sapiens	10.0	180.0	25.0	97.1
90	220324_K00251_0085_AHMTY7BBXY/GCF-2021-818/90_R1.fastq.gz	0	homo_sapiens	AGS Cells	TTCTGTAGAA	TATTGCGCTC	DMSO		8.0	DMSO	homo_sapiens	10.0	180.0	25.0	154.0
78	220324_K00251_0085_AHMTY7BBXY/GCF-2021-818/78_R1.fastq.gz	0	homo_sapiens	AGS Cells	GAACGCAATA	ACAGTAAGAT	DMSO	425 ul lysis buffer	2.0	DMSO	homo_sapiens	10.0	180.0	25.0	181.0
85	220324_K00251_0085_AHMTY7BBXY/GCF-2021-818/85_R1.fastq.gz	0	homo_sapiens	AGS Cells	AGTACTCATG	ACCACGACAT	5Z		8.0	5Z	homo_sapiens	10.0	180.0	25.0	164.0
101	220324_K00251_0085_AHMTY7BBXY/GCF-2021-818/101_R1.fastq.gz	0	homo_sapiens	AGS Cells	GGTAGAATTA	TGATGGCTAC	PD		1.0	PD	homo_sapiens	10.0	180.0	25.0	95.5
79	220324_K00251_0085_AHMTY7BBXY/GCF-2021-818/79_R1.fastq.gz	0	homo_sapiens	AGS Cells	TAATTAGCGT	TTCTTAACCA	5Z		4.0	5Z	homo_sapiens	10.0	180.0	25.0	134.0
81	220324_K00251_0085_AHMTY7BBXY/GCF-2021-818/81_R1.fastq.gz	0	homo_sapiens	AGS Cells	ATTAACAAGG	ACGAACAACA	PD		4.0	PD	homo_sapiens	10.0	180.0	25.0	104.0
49	220324_K00251_0085_AHMTY7BBXY/GCF-2021-818/49_R1.fastq.gz	0	homo_sapiens	AGS Cells	TGATGGCTAC	ATGTTGTTGG	PD_PI		4.0	PD_PI	homo_sapiens	10.0	180.0	25.0	119.0
34	220324_K00251_0085_AHMTY7BBXY/GCF-2021-818/34_R1.fastq.gz	0	homo_sapiens	AGS Cells	GAATTACAAG	CTGAGCCGGT	PI		1.0	PI	homo_sapiens	10.0	180.0	25.0	79.5
53	220324_K00251_0085_AHMTY7BBXY/GCF-2021-818/53_R1.fastq.gz	0	homo_sapiens	AGS Cells	TAGAATTGGA	TCAGATTAAC	PD		8.0	PD	homo_sapiens	10.0	180.0	25.0	98.6
59	220324_K00251_0085_AHMTY7BBXY/GCF-2021-818/59_R1.fastq.gz	0	homo_sapiens	AGS Cells	AGGCAGCTCT	ACGTTAGCCG	PD		24.0	PD	homo_sapiens	10.0	180.0	25.0	95.4
72	220324_K00251_0085_AHMTY7BBXY/GCF-2021-818/72_R1.fastq.gz	0	homo_sapiens	AGS Cells	ATCGGCGAAG	AATTCTTGGA	DMSO		1.0	DMSO	homo_sapiens	10.0	180.0	25.0	88.0
37	220324_K00251_0085_AHMTY7BBXY/GCF-2021-818/37_R1.fastq.gz	0	homo_sapiens	AGS Cells	CCGTGACCGA	CAACGTTCGG	PD_PI		1.0	PD_PI	homo_sapiens	10.0	180.0	25.0	49.9
98	220324_K00251_0085_AHMTY7BBXY/GCF-2021-818/98_R1.fastq.gz	0	homo_sapiens	AGS Cells	ATACTTGTTC	TCGGCGGTTA	untreated		0.0	untreated	homo_sapiens	10.0	180.0	25.0	104.0
58	220324_K00251_0085_AHMTY7BBXY/GCF-2021-818/58_R1.fastq.gz	0	homo_sapiens	AGS Cells	TCCGCCAATT	CAGCACGGAG	PI		24.0	PI	homo_sapiens	10.0	180.0	25.0	106.0
127	220324_K00251_0085_AHMTY7BBXY/GCF-2021-818/127_R1.fastq.gz	0	homo_sapiens	AGS Cells	AGGACAGGCC	AGCTGGAATG	DMSO		24.0	DMSO	homo_sapiens	10.0	180.0	25.0	23.2
84	220324_K00251_0085_AHMTY7BBXY/GCF-2021-818/84_R1.fastq.gz	0	homo_sapiens	AGS Cells	AGAGAACCTA	TAGCATAACC	DMSO		4.0	DMSO	homo_sapiens	10.0	180.0	25.0	140.0
114	220324_K00251_0085_AHMTY7BBXY/GCF-2021-818/114_R1.fastq.gz	0	homo_sapiens	AGS Cells	GATATTGTGT	ACCGTGTGGT	PD_PI		4.0	PD_PI	homo_sapiens	10.0	180.0	25.0	85.6
50	220324_K00251_0085_AHMTY7BBXY/GCF-2021-818/50_R1.fastq.gz	0	homo_sapiens	AGS Cells	CGTACAGGAA	AGAGAACCTA	DMSO		4.0	DMSO	homo_sapiens	10.0	180.0	25.0	138.0
76	220324_K00251_0085_AHMTY7BBXY/GCF-2021-818/76_R1.fastq.gz	0	homo_sapiens	AGS Cells	CTGCGTTACC	TCGAGCCATA	5Z_PI	425 ul lysis buffer	2.0	5Z_PI	homo_sapiens	10.0	180.0	25.0	139.0
77	220324_K00251_0085_AHMTY7BBXY/GCF-2021-818/77_R1.fastq.gz	0	homo_sapiens	AGS Cells	AGGCCGTGGA	AACGCACGAG	PD_PI	425 ul lysis buffer	2.0	PD_PI	homo_sapiens	10.0	180.0	25.0	172.0
106	220324_K00251_0085_AHMTY7BBXY/GCF-2021-818/106_R1.fastq.gz	0	homo_sapiens	AGS Cells	AGGAGGTATC	TGCCAACTGG	PD		2.0	PD	homo_sapiens	10.0	180.0	25.0	112.0
38	220324_K00251_0085_AHMTY7BBXY/GCF-2021-818/38_R1.fastq.gz	0	homo_sapiens	AGS Cells	GCTGACGTTG	AATGCGAACA	DMSO		1.0	DMSO	homo_sapiens	10.0	180.0	25.0	91.5
43	220324_K00251_0085_AHMTY7BBXY/GCF-2021-818/43_R1.fastq.gz	0	homo_sapiens	AGS Cells	CTAATAACCG	CGATGCGGTT	PD_PI		2.0	PD_PI	homo_sapiens	10.0	180.0	25.0	81.4
36	220324_K00251_0085_AHMTY7BBXY/GCF-2021-818/36_R1.fastq.gz	0	homo_sapiens	AGS Cells	TCTAGGCGCG	TTAACCTTCG	5Z_PI		1.0	5Z_PI	homo_sapiens	10.0	180.0	25.0	69.6
92	220324_K00251_0085_AHMTY7BBXY/GCF-2021-818/92_R1.fastq.gz	0	homo_sapiens	AGS Cells	ATAGCCAAGA	CAGTGGCACT	PI		24.0	PI	homo_sapiens	10.0	180.0	25.0	85.4
94	220324_K00251_0085_AHMTY7BBXY/GCF-2021-818/94_R1.fastq.gz	0	homo_sapiens	AGS Cells	TTCGGTGTGA	ATACTTGTTC	5Z_PI		24.0	5Z_PI	homo_sapiens	10.0	180.0	25.0	93.5
93	220324_K00251_0085_AHMTY7BBXY/GCF-2021-818/93_R1.fastq.gz	0	homo_sapiens	AGS Cells	ATGTAACGTT	CAGCAATCGT	PD		24.0	PD	homo_sapiens	10.0	180.0	25.0	75.4
125	220324_K00251_0085_AHMTY7BBXY/GCF-2021-818/125_R1.fastq.gz	0	homo_sapiens	AGS Cells	AACGAGGCCG	ATCCAGGTAT	5Z_PI		24.0	5Z_PI	homo_sapiens	10.0	180.0	25.0	84.0
62	220324_K00251_0085_AHMTY7BBXY/GCF-2021-818/62_R1.fastq.gz	0	homo_sapiens	AGS Cells	TGGTGTTATG	TAGAATTGGA	DMSO		24.0	DMSO	homo_sapiens	10.0	180.0	25.0	158.0
73	220324_K00251_0085_AHMTY7BBXY/GCF-2021-818/73_R1.fastq.gz	0	homo_sapiens	AGS Cells	TGGCCTCTGT	CGCTGTCTCA	5Z	425 ul lysis buffer	2.0	5Z	homo_sapiens	10.0	180.0	25.0	105.0
35	220324_K00251_0085_AHMTY7BBXY/GCF-2021-818/35_R1.fastq.gz	0	homo_sapiens	AGS Cells	CCAGGCACCA	TAATTAGCGT	PD		1.0	PD	homo_sapiens	10.0	180.0	25.0	61.2
48	220324_K00251_0085_AHMTY7BBXY/GCF-2021-818/48_R1.fastq.gz	0	homo_sapiens	AGS Cells	CCGGTTCCTA	CTCGAATATA	5Z_PI		4.0	5Z_PI	homo_sapiens	10.0	180.0	25.0	116.0
33	220324_K00251_0085_AHMTY7BBXY/GCF-2021-818/33_R1.fastq.gz	0	homo_sapiens	AGS Cells	GGCCAATATT	TATCGGACCG	5Z		1.0	5Z	homo_sapiens	10.0	180.0	25.0	42.4
115	220324_K00251_0085_AHMTY7BBXY/GCF-2021-818/115_R1.fastq.gz	0	homo_sapiens	AGS Cells	GAATACCTAT	ACTCTATTGT	DMSO		4.0	DMSO	homo_sapiens	10.0	180.0	25.0	97.5
68	220324_K00251_0085_AHMTY7BBXY/GCF-2021-818/68_R1.fastq.gz	0	homo_sapiens	AGS Cells	TACGTGAAGG	CTAATAACCG	PI		1.0	PI	homo_sapiens	10.0	180.0	25.0	153.0
116	220324_K00251_0085_AHMTY7BBXY/GCF-2021-818/116_R1.fastq.gz	0	homo_sapiens	AGS Cells	CTTATTGGCC	ACTTGTTATC	5Z		8.0	5Z	homo_sapiens	10.0	180.0	25.0	181.0
42	220324_K00251_0085_AHMTY7BBXY/GCF-2021-818/42_R1.fastq.gz	0	homo_sapiens	AGS Cells	ACAACTACTG	TGTGATAACT	5Z_PI		2.0	5Z_PI	homo_sapiens	10.0	180.0	25.0	86.2
65	220324_K00251_0085_AHMTY7BBXY/GCF-2021-818/65_R1.fastq.gz	0	homo_sapiens	AGS Cells	GTTGGATGAA	TTACCTGGAA	untreated		0.0	untreated	homo_sapiens	10.0	180.0	25.0	150.0
70	220324_K00251_0085_AHMTY7BBXY/GCF-2021-818/70_R1.fastq.gz	0	homo_sapiens	AGS Cells	AATCCAATTG	CCTCTACATG	5Z_PI		1.0	5Z_PI	homo_sapiens	10.0	180.0	25.0	110.0
83	220324_K00251_0085_AHMTY7BBXY/GCF-2021-818/83_R1.fastq.gz	0	homo_sapiens	AGS Cells	TATGATGGCC	TATGACAATC	PD_PI		4.0	PD_PI	homo_sapiens	10.0	180.0	25.0	97.4
46	220324_K00251_0085_AHMTY7BBXY/GCF-2021-818/46_R1.fastq.gz	0	homo_sapiens	AGS Cells	CGCAGCAATT	ATAGCGGAAT	PI		4.0	PI	homo_sapiens	10.0	180.0	25.0	120.0
102	220324_K00251_0085_AHMTY7BBXY/GCF-2021-818/102_R1.fastq.gz	0	homo_sapiens	AGS Cells	ACGTTCCTTA	CACAGCGGTC	5Z_PI		1.0	5Z_PI	homo_sapiens	10.0	180.0	25.0	106.0
111	220324_K00251_0085_AHMTY7BBXY/GCF-2021-818/111_R1.fastq.gz	0	homo_sapiens	AGS Cells	CCGCGTATAG	CCGGTTCCTA	PI		4.0	PI	homo_sapiens	10.0	180.0	25.0	93.3
100	220324_K00251_0085_AHMTY7BBXY/GCF-2021-818/100_R1.fastq.gz	0	homo_sapiens	AGS Cells	GATTCTGAAT	GTCCACCGCT	PI		1.0	PI	homo_sapiens	10.0	180.0	25.0	86.0
113	220324_K00251_0085_AHMTY7BBXY/GCF-2021-818/113_R1.fastq.gz	0	homo_sapiens	AGS Cells	TAGAGAATAC	CGAATCTATA	5Z_PI		4.0	5Z_PI	homo_sapiens	10.0	180.0	25.0	120.0
57	220324_K00251_0085_AHMTY7BBXY/GCF-2021-818/57_R1.fastq.gz	0	homo_sapiens	AGS Cells	TTGTATCAGG	TGGCCTCTGT	5Z		24.0	5Z	homo_sapiens	10.0	180.0	25.0	123.0
104A	220324_K00251_0085_AHMTY7BBXY/GCF-2021-818/104A_R1.fastq.gz	0	homo_sapiens	AGS Cells	CACAGCGGTC	CAATAGGAAT	DMSO		1.0	DMSO	homo_sapiens	10.0	180.0	25.0	128.0
82	220324_K00251_0085_AHMTY7BBXY/GCF-2021-818/82_R1.fastq.gz	0	homo_sapiens	AGS Cells	CCACGCTGAA	CTGAGGAATA	5Z_PI		4.0	5Z_PI	homo_sapiens	10.0	180.0	25.0	151.0
44	220324_K00251_0085_AHMTY7BBXY/GCF-2021-818/44_R1.fastq.gz	0	homo_sapiens	AGS Cells	GTTCGGAGTT	TCAGAAGGCG	DMSO		2.0	DMSO	homo_sapiens	10.0	180.0	25.0	44.0
86	220324_K00251_0085_AHMTY7BBXY/GCF-2021-818/86_R1.fastq.gz	0	homo_sapiens	AGS Cells	ATAGCGGAAT	TACTCTGCGC	PI		8.0	PI	homo_sapiens	10.0	180.0	25.0	148.0
61	220324_K00251_0085_AHMTY7BBXY/GCF-2021-818/61_R1.fastq.gz	0	homo_sapiens	AGS Cells	GCAATATTCA	AATTGGCGCC	PD_PI		24.0	PD_PI	homo_sapiens	10.0	180.0	25.0	55.4
87	220324_K00251_0085_AHMTY7BBXY/GCF-2021-818/87_R1.fastq.gz	0	homo_sapiens	AGS Cells	CTAGATTGCG	CGCCATATCT	PD		8.0	PD	homo_sapiens	10.0	180.0	25.0	160.0
112	220324_K00251_0085_AHMTY7BBXY/GCF-2021-818/112_R1.fastq.gz	0	homo_sapiens	AGS Cells	CGATGCGGTT	ACCAAGCAGG	PD		4.0	PD	homo_sapiens	10.0	180.0	25.0	102.0
122	220324_K00251_0085_AHMTY7BBXY/GCF-2021-818/122_R1.fastq.gz	0	homo_sapiens	AGS Cells	TCCGGACTAG	ATTGTTCGTC	5Z		24.0	5Z	homo_sapiens	10.0	180.0	25.0	123.0
110	220324_K00251_0085_AHMTY7BBXY/GCF-2021-818/110_R1.fastq.gz	0	homo_sapiens	AGS Cells	GTGACGGAGC	TGGACCGCCA	5Z		4.0	5Z	homo_sapiens	10.0	180.0	25.0	91.9
69	220324_K00251_0085_AHMTY7BBXY/GCF-2021-818/69_R1.fastq.gz	0	homo_sapiens	AGS Cells	AATTCCATCT	GTAACTGAAG	PD		1.0	PD	homo_sapiens	10.0	180.0	25.0	126.0
121	220324_K00251_0085_AHMTY7BBXY/GCF-2021-818/121_R1.fastq.gz	0	homo_sapiens	AGS Cells	TTAACGGTGT	ACGGTCAGGA	DMSO		8.0	DMSO	homo_sapiens	10.0	180.0	25.0	152.0
107	220324_K00251_0085_AHMTY7BBXY/GCF-2021-818/107_R1.fastq.gz	0	homo_sapiens	AGS Cells	ACTTGTTATC	TCTAGGCGCG	5Z_PI		2.0	5Z_PI	homo_sapiens	10.0	180.0	25.0	100.0
52	220324_K00251_0085_AHMTY7BBXY/GCF-2021-818/52_R1.fastq.gz	0	homo_sapiens	AGS Cells	CGTGTACCAG	AACTTATCCT	PI		8.0	PI	homo_sapiens	10.0	180.0	25.0	153.0
39	220324_K00251_0085_AHMTY7BBXY/GCF-2021-818/39_R1.fastq.gz	0	homo_sapiens	AGS Cells	TTAACCTTCG	TGTCTGGCCT	5Z		2.0	5Z	homo_sapiens	10.0	180.0	25.0	57.9
120	220324_K00251_0085_AHMTY7BBXY/GCF-2021-818/120_R1.fastq.gz	0	homo_sapiens	AGS Cells	CATATGCGAT	CCGTTCAAGG	PD_PI		8.0	PD_PI	homo_sapiens	10.0	180.0	25.0	82.5
99	220324_K00251_0085_AHMTY7BBXY/GCF-2021-818/99_R1.fastq.gz	0	homo_sapiens	AGS Cells	AGCCTATGAT	GTAGGTGGTG	5Z		1.0	5Z	homo_sapiens	10.0	180.0	25.0	121.0
41	220324_K00251_0085_AHMTY7BBXY/GCF-2021-818/41_R1.fastq.gz	0	homo_sapiens	AGS Cells	TATGACAATC	ATACAAGCAA	PD		2.0	PD	homo_sapiens	10.0	180.0	25.0	86.6
95	220324_K00251_0085_AHMTY7BBXY/GCF-2021-818/95_R1.fastq.gz	0	homo_sapiens	AGS Cells	ATGTTGTTGG	TCATAGATTG	PD_PI		24.0	PD_PI	homo_sapiens	10.0	180.0	25.0	77.3
47	220324_K00251_0085_AHMTY7BBXY/GCF-2021-818/47_R1.fastq.gz	0	homo_sapiens	AGS Cells	GCACCACCAA	ATCAGTACCA	PD		4.0	PD	homo_sapiens	10.0	180.0	25.0	147.0
75	220324_K00251_0085_AHMTY7BBXY/GCF-2021-818/75_R1.fastq.gz	0	homo_sapiens	AGS Cells	AGGCGTTCGC	GTTGGATGAA	PD	425 ul lysis buffer	2.0	PD	homo_sapiens	10.0	180.0	25.0	133.0
105	220324_K00251_0085_AHMTY7BBXY/GCF-2021-818/105_R1.fastq.gz	0	homo_sapiens	AGS Cells	CCTCCGGTTG	TGGTGTTATG	PI		2.0	PI	homo_sapiens	10.0	180.0	25.0	87.1
124	220324_K00251_0085_AHMTY7BBXY/GCF-2021-818/124_R1.fastq.gz	0	homo_sapiens	AGS Cells	GTCCACCGCT	GCTAATAGGA	PD		24.0	PD	homo_sapiens	10.0	180.0	25.0	122.0
89	220324_K00251_0085_AHMTY7BBXY/GCF-2021-818/89_R1.fastq.gz	0	homo_sapiens	AGS Cells	ATTGTTCGTC	AATCTAGAGA	PD_PI		8.0	PD_PI	homo_sapiens	10.0	180.0	25.0	84.4
91	220324_K00251_0085_AHMTY7BBXY/GCF-2021-818/91_R1.fastq.gz	0	homo_sapiens	AGS Cells	GGACCAGTGG	TAGGCTCGCG	5Z		24.0	5Z	homo_sapiens	10.0	180.0	25.0	136.0
96	220324_K00251_0085_AHMTY7BBXY/GCF-2021-818/96_R1.fastq.gz	0	homo_sapiens	AGS Cells	CCTTCTAACA	AGAGCTTATC	DMSO		24.0	DMSO	homo_sapiens	10.0	180.0	25.0	109.0
97	220324_K00251_0085_AHMTY7BBXY/GCF-2021-818/97_R1.fastq.gz	0	homo_sapiens	AGS Cells	CTCGAATATA	TCGACATCTC	untreated		0.0	untreated	homo_sapiens	10.0	180.0	25.0	93.5
109	220324_K00251_0085_AHMTY7BBXY/GCF-2021-818/109_R1.fastq.gz	0	homo_sapiens	AGS Cells	GATCGTCGCG	ACATATCCAG	DMSO		2.0	DMSO	homo_sapiens	10.0	180.0	25.0	129.0
45	220324_K00251_0085_AHMTY7BBXY/GCF-2021-818/45_R1.fastq.gz	0	homo_sapiens	AGS Cells	TATCCGAGGC	CTTATTGGCC	5Z		4.0	5Z	homo_sapiens	10.0	180.0	25.0	132.0
71	220324_K00251_0085_AHMTY7BBXY/GCF-2021-818/71_R1.fastq.gz	0	homo_sapiens	AGS Cells	CGCTGTCTCA	GGTGAGTAAT	PD_PI		1.0	PD_PI	homo_sapiens	10.0	180.0	25.0	119.0
119	220324_K00251_0085_AHMTY7BBXY/GCF-2021-818/119_R1.fastq.gz	0	homo_sapiens	AGS Cells	AATGCGAACA	TCCGCCAATT	5Z_PI		8.0	5Z_PI	homo_sapiens	10.0	180.0	25.0	98.8
55	220324_K00251_0085_AHMTY7BBXY/GCF-2021-818/55_R1.fastq.gz	0	homo_sapiens	AGS Cells	AATTCTTGGA	AAGTTGACAA	PD_PI		8.0	PD_PI	homo_sapiens	10.0	180.0	25.0	75.0
126	220324_K00251_0085_AHMTY7BBXY/GCF-2021-818/126_R1.fastq.gz	0	homo_sapiens	AGS Cells	TTCCTACAGC	AGAATTCGCC	PD_PI		24.0	PD_PI	homo_sapiens	10.0	180.0	25.0	73.4
51	220324_K00251_0085_AHMTY7BBXY/GCF-2021-818/51_R1.fastq.gz	0	homo_sapiens	AGS Cells	ATCCAGGTAT	GCTGACGTTG	5Z		8.0	5Z	homo_sapiens	10.0	180.0	25.0	151.0
80	220324_K00251_0085_AHMTY7BBXY/GCF-2021-818/80_R1.fastq.gz	0	homo_sapiens	AGS Cells	ACGGTCCAAC	TGATGTAAGA	PI		4.0	PI	homo_sapiens	10.0	180.0	25.0	109.0
60	220324_K00251_0085_AHMTY7BBXY/GCF-2021-818/60_R1.fastq.gz	0	homo_sapiens	AGS Cells	GTAACTTGGT	AGGTATGGCG	5Z_PI		24.0	5Z_PI	homo_sapiens	10.0	180.0	25.0	77.1
103	220324_K00251_0085_AHMTY7BBXY/GCF-2021-818/103_R1.fastq.gz	0	homo_sapiens	AGS Cells	AGCGCCACAC	AAGACATTAG	PD_PI		1.0	PD_PI	homo_sapiens	10.0	180.0	25.0	101.0
54	220324_K00251_0085_AHMTY7BBXY/GCF-2021-818/54_R1.fastq.gz	0	homo_sapiens	AGS Cells	TGCTACTGCC	CCTCCGGTTG	5Z_PI		8.0	5Z_PI	homo_sapiens	10.0	180.0	25.0	119.0
88	220324_K00251_0085_AHMTY7BBXY/GCF-2021-818/88_R1.fastq.gz	0	homo_sapiens	AGS Cells	CAACACCGCA	TGCTACTGCC	5Z_PI		8.0	5Z_PI	homo_sapiens	10.0	180.0	25.0	163.0
118	220324_K00251_0085_AHMTY7BBXY/GCF-2021-818/118_R1.fastq.gz	0	homo_sapiens	AGS Cells	CACCTTAATC	TCTATCCTAA	PD		8.0	PD	homo_sapiens	10.0	180.0	25.0	143.0
117	220324_K00251_0085_AHMTY7BBXY/GCF-2021-818/117_R1.fastq.gz	0	homo_sapiens	AGS Cells	TTGAATGTTG	CTAGATTGCG	PI		8.0	PI	homo_sapiens	10.0	180.0	25.0	94.1
67	220324_K00251_0085_AHMTY7BBXY/GCF-2021-818/67_R1.fastq.gz	0	homo_sapiens	AGS Cells	CCGGTAACAC	AGTACAACTC	5Z		1.0	5Z	homo_sapiens	10.0	180.0	25.0	150.0
