"PTM_collapse_key","Condition","Drug","Time","logFC","adj.P.Val"
"ACACA_S48_M2","PD_2h","PD","2h",3.39255,5.52e-08
"ACACA_S48_M2","PIPD_2h","PIPD","2h",3.73301,6.37e-08
"ACACA_S50_M2","PD_2h","PD","2h",3.39255,5.52e-08
"ACACA_S50_M2","PIPD_2h","PIPD","2h",3.73301,6.37e-08
"ACBD5_S444_M1","PD_30m","PD","30m",1.401,0.00286809
"ACBD5_S444_M1","PIPD_30m","PIPD","30m",1.04768,0.0129344
"ACIN1_S400_M1","PD_8h","PD","8h",0.664558,0.0346288
"ACIN1_S400_M1","PIPD_8h","PIPD","8h",0.937701,0.000473231
"ACIN1_S490_M1","PD_2h","PD","2h",1.05841,0.00607341
"ACIN1_S490_M1","PIPD_2h","PIPD","2h",0.916272,0.0136205
"ACSS2_S267_M1","PD_8h","PD","8h",0.713146,0.0270893
"ACSS2_S267_M1","PIPD_8h","PIPD","8h",0.860026,0.0147894
"ADAR_T601_M1","PD_30m","PD","30m",-1.03344,0.000387927
"ADAR_T601_M1","PD_2h","PD","2h",-1.46566,7.81e-06
"ADAR_T601_M1","PIPD_30m","PIPD","30m",-0.796242,0.00394924
"ADAR_T601_M1","PIPD_2h","PIPD","2h",-1.15636,0.00762827
"AFAP1_Y353_M1","PD_8h","PD","8h",-2.82131,2.59e-05
"AFAP1_Y353_M1","PIPD_8h","PIPD","8h",-2.92747,2.02e-05
"AFF4_S487_M3","PD_8h","PD","8h",-4.56911,6.54e-08
"AFF4_S487_M3","PIPD_8h","PIPD","8h",-1.62295,0.000720321
"AFF4_S490_M3","PD_8h","PD","8h",-4.56911,6.54e-08
"AFF4_S490_M3","PIPD_8h","PIPD","8h",-1.62295,0.000720321
"AFF4_S491_M3","PD_8h","PD","8h",-4.56911,6.54e-08
"AFF4_S491_M3","PIPD_8h","PIPD","8h",-1.62295,0.000720321
"AHCTF1_S1884_M1","PD_30m","PD","30m",0.639469,0.00881178
"AHCTF1_S1884_M1","PD_8h","PD","8h",1.18965,0.000755477
"AHCTF1_S1884_M1","PIPD_30m","PIPD","30m",0.471859,0.0345217
"AHCTF1_S1884_M1","PIPD_8h","PIPD","8h",1.04399,0.00408859
"AHCTF1_T1369_M1","PD_8h","PD","8h",0.77374,0.0189212
"AHCTF1_T1369_M1","PIPD_8h","PIPD","8h",0.784502,0.02216
"AHNAK_S135_M1","PD_30m","PD","30m",-2.46079,6.04e-08
"AHNAK_S135_M1","PD_2h","PD","2h",-3.49238,3.92e-07
"AHNAK_S135_M1","PD_8h","PD","8h",-1.76477,0.000405809
"AHNAK_S135_M1","PIPD_30m","PIPD","30m",-2.57034,7.27e-08
"AHNAK_S135_M1","PIPD_2h","PIPD","2h",-3.55509,4.94e-07
"AHNAK_S135_M1","PIPD_8h","PIPD","8h",-1.49784,0.00220565
"AHNAK_S511_M1","PD_8h","PD","8h",0.756244,0.0494524
"AHNAK_S511_M1","PIPD_8h","PIPD","8h",0.701315,0.0296714
"AHNAK_S5110_M1","PD_30m","PD","30m",-1.66546,2.52e-05
"AHNAK_S5110_M1","PD_2h","PD","2h",-2.0364,3.51e-07
"AHNAK_S5110_M1","PIPD_30m","PIPD","30m",-1.81924,1.3e-05
"AHNAK_S5110_M1","PIPD_2h","PIPD","2h",-2.41959,1.25e-06
"AHNAK_S5780_M2","PD_30m","PD","30m",-7.81805,1.66e-09
"AHNAK_S5780_M2","PD_8h","PD","8h",-1.23981,0.00141939
"AHNAK_S5780_M2","PIPD_30m","PIPD","30m",-7.78227,9.54e-11
"AHNAK_S5780_M2","PIPD_8h","PIPD","8h",-0.576245,0.0132054
"AHNAK_S5782_M2","PD_30m","PD","30m",-7.81805,1.66e-09
"AHNAK_S5782_M2","PD_8h","PD","8h",-1.23981,0.00141939
"AHNAK_S5782_M2","PIPD_30m","PIPD","30m",-7.78227,9.54e-11
"AHNAK_S5782_M2","PIPD_8h","PIPD","8h",-0.576245,0.0132054
"AHNAK_T5798_M1","PD_30m","PD","30m",0.674843,0.023641
"AHNAK_T5798_M1","PIPD_30m","PIPD","30m",0.485618,0.0420228
"AHNAK2_S4785_M1","PD_8h","PD","8h",1.57258,4.47e-05
"AHNAK2_S4785_M1","PIPD_8h","PIPD","8h",1.70865,5.07e-05
"AHNAK2_S5199_M1","PD_30m","PD","30m",1.75551,0.00562894
"AHNAK2_S5199_M1","PD_8h","PD","8h",-1.36554,0.0103279
"AHNAK2_S5199_M1","PIPD_30m","PIPD","30m",1.91081,0.0062233
"AHNAK2_S5199_M1","PIPD_8h","PIPD","8h",-7.40297,0.000153031
"AHNAK2_T296_M1","PD_30m","PD","30m",0.647283,0.0020603
"AHNAK2_T296_M1","PIPD_30m","PIPD","30m",0.663922,0.021745
"AKAP2_T369_M1","PD_2h","PD","2h",-0.623383,0.0379171
"AKAP2_T369_M1","PIPD_2h","PIPD","2h",-0.694225,0.00818384
"ALKBH5_S361_M1","PD_8h","PD","8h",0.629216,0.0316833
"ALKBH5_S361_M1","PIPD_8h","PIPD","8h",0.938202,0.00534592
"ALMS1_S2962_M1","PD_30m","PD","30m",-0.529541,0.00306708
"ALMS1_S2962_M1","PD_2h","PD","2h",-0.762983,0.0137055
"ALMS1_S2962_M1","PD_8h","PD","8h",-0.678623,0.00182992
"ALMS1_S2962_M1","PIPD_30m","PIPD","30m",-0.783805,0.00151683
"ALMS1_S2962_M1","PIPD_2h","PIPD","2h",-0.751594,0.031727
"ALMS1_S2962_M1","PIPD_8h","PIPD","8h",-0.49011,0.0192134
"AMOTL2_S759_M1","PD_30m","PD","30m",0.791585,0.00305139
"AMOTL2_S759_M1","PIPD_30m","PIPD","30m",1.22769,0.0099476
"ANAPC1_S51_M1","PD_2h","PD","2h",1.88194,0.000119625
"ANAPC1_S51_M1","PIPD_2h","PIPD","2h",1.72256,0.00979746
"ANKRD17_S1639_M1","PD_8h","PD","8h",-0.851745,0.00494484
"ANKRD17_S1639_M1","PIPD_8h","PIPD","8h",-0.992637,0.0128505
"ANKRD17_T12_M1","PD_30m","PD","30m",0.720784,0.00366632
"ANKRD17_T12_M1","PIPD_30m","PIPD","30m",0.363029,0.0308875
"APRT_S15_M1","PD_30m","PD","30m",1.00961,0.0243289
"APRT_S15_M1","PIPD_30m","PIPD","30m",0.87861,0.00921157
"ARFIP1_S132_M1","PD_8h","PD","8h",0.805623,0.027658
"ARFIP1_S132_M1","PIPD_8h","PIPD","8h",1.44235,0.0470952
"ARHGAP12_S176_M1","PD_30m","PD","30m",0.709199,0.00475159
"ARHGAP12_S176_M1","PIPD_30m","PIPD","30m",0.891796,0.0326782
"ARHGAP12_S215_M1","PD_30m","PD","30m",0.383056,0.0408873
"ARHGAP12_S215_M1","PD_2h","PD","2h",0.412884,0.0189318
"ARHGAP12_S215_M1","PIPD_30m","PIPD","30m",0.664004,0.00551193
"ARHGAP12_S215_M1","PIPD_2h","PIPD","2h",0.515813,0.0226723
"ARHGAP21_S924_M1","PD_30m","PD","30m",-1.94782,0.000784155
"ARHGAP21_S924_M1","PD_2h","PD","2h",-2.92288,2.43e-07
"ARHGAP21_S924_M1","PD_8h","PD","8h",-1.34898,0.00661687
"ARHGAP21_S924_M1","PIPD_30m","PIPD","30m",-2.37845,3.87e-06
"ARHGAP21_S924_M1","PIPD_2h","PIPD","2h",-2.59773,1.2e-05
"ARHGAP21_S924_M1","PIPD_8h","PIPD","8h",-1.59496,0.00306857
"ARHGAP32_S856_M1","PD_8h","PD","8h",0.979352,0.0131019
"ARHGAP32_S856_M1","PIPD_8h","PIPD","8h",0.913463,0.015138
"ARHGAP32_S871_M1","PD_30m","PD","30m",0.730734,0.00436064
"ARHGAP32_S871_M1","PIPD_30m","PIPD","30m",0.547759,0.00922294
"ARHGAP35_S589_M1","PD_30m","PD","30m",-3.29797,6.03e-10
"ARHGAP35_S589_M1","PD_2h","PD","2h",-3.89057,1.05e-09
"ARHGAP35_S589_M1","PD_8h","PD","8h",-2.04369,0.000158189
"ARHGAP35_S589_M1","PIPD_30m","PIPD","30m",-3.11393,7.62e-07
"ARHGAP35_S589_M1","PIPD_2h","PIPD","2h",-4.19931,1e-09
"ARHGAP35_S589_M1","PIPD_8h","PIPD","8h",-2.01613,0.000167267
"ARHGAP5_S951_M1","PD_8h","PD","8h",4.24025,1.05e-10
"ARHGAP5_S951_M1","PIPD_8h","PIPD","8h",4.28429,6.93e-10
"ARHGAP5_T1171_M2","PD_8h","PD","8h",-1.07162,0.0115896
"ARHGAP5_T1171_M2","PIPD_8h","PIPD","8h",-1.33012,0.00567848
"ARHGEF11_S556_M1","PD_2h","PD","2h",-0.6688,0.037549
"ARHGEF11_S556_M1","PIPD_2h","PIPD","2h",-1.60205,0.00914914
"ARHGEF11_S633_M1","PD_30m","PD","30m",0.795548,0.00490303
"ARHGEF11_S633_M1","PIPD_30m","PIPD","30m",0.649055,0.00331954
"ARHGEF12_S341_M1","PD_30m","PD","30m",-0.937433,0.0100576
"ARHGEF12_S341_M1","PD_2h","PD","2h",-1.86671,2.73e-05
"ARHGEF12_S341_M1","PD_8h","PD","8h",-1.22418,0.000209731
"ARHGEF12_S341_M1","PIPD_30m","PIPD","30m",-1.44658,0.00240943
"ARHGEF12_S341_M1","PIPD_2h","PIPD","2h",-1.9506,9.25e-07
"ARHGEF12_S341_M1","PIPD_8h","PIPD","8h",-0.801804,0.00184874
"ARHGEF16_S208_M1","PD_8h","PD","8h",0.629166,0.0266404
"ARHGEF16_S208_M1","PIPD_8h","PIPD","8h",0.700855,0.00525576
"ARHGEF2_S151_M2","PD_30m","PD","30m",-0.84413,0.00123533
"ARHGEF2_S151_M2","PIPD_30m","PIPD","30m",-0.60908,0.011799
"ARHGEF2_S163_M2","PD_30m","PD","30m",-0.806265,0.0103712
"ARHGEF2_S163_M2","PIPD_30m","PIPD","30m",-0.964756,0.00574403
"ARHGEF2_S956_M1","PD_30m","PD","30m",0.80683,0.0343262
"ARHGEF2_S956_M1","PD_2h","PD","2h",1.84879,0.0012111
"ARHGEF2_S956_M1","PD_8h","PD","8h",1.75059,0.00153749
"ARHGEF2_S956_M1","PIPD_30m","PIPD","30m",1.2661,9.3e-05
"ARHGEF2_S956_M1","PIPD_2h","PIPD","2h",1.80023,0.000469098
"ARHGEF2_S956_M1","PIPD_8h","PIPD","8h",1.1454,0.00500862
"ARHGEF28_S1538_M1","PD_30m","PD","30m",1.26345,0.0116559
"ARHGEF28_S1538_M1","PIPD_30m","PIPD","30m",0.854119,0.0227111
"ASAP1_S839_M2","PD_30m","PD","30m",-1.38045,0.00118828
"ASAP1_S839_M2","PD_2h","PD","2h",-1.42514,0.0100456
"ASAP1_S839_M2","PD_8h","PD","8h",-1.14855,0.00728357
"ASAP1_S839_M2","PIPD_30m","PIPD","30m",-1.36533,0.00140603
"ASAP1_S839_M2","PIPD_2h","PIPD","2h",-1.18968,0.0234804
"ASAP1_S839_M2","PIPD_8h","PIPD","8h",-0.707759,0.0153586
"ASAP1_S843_M2","PD_30m","PD","30m",-1.39418,0.000887404
"ASAP1_S843_M2","PD_2h","PD","2h",-1.4227,0.00628586
"ASAP1_S843_M2","PD_8h","PD","8h",-1.17981,0.0103283
"ASAP1_S843_M2","PIPD_30m","PIPD","30m",-1.28152,0.00132364
"ASAP1_S843_M2","PIPD_2h","PIPD","2h",-1.20317,0.0251294
"ASAP1_S843_M2","PIPD_8h","PIPD","8h",-0.716114,0.0226274
"ATF7IP_S113_M2","PD_30m","PD","30m",-0.417416,0.0488239
"ATF7IP_S113_M2","PIPD_30m","PIPD","30m",-0.549262,0.0279206
"ATF7IP_T118_M2","PD_30m","PD","30m",-0.417416,0.0488239
"ATF7IP_T118_M2","PIPD_30m","PIPD","30m",-0.549262,0.0279206
"ATG9A_S735_M1","PD_2h","PD","2h",4.88007,5.76e-10
"ATG9A_S735_M1","PIPD_2h","PIPD","2h",4.85001,1.12e-09
"ATN1_S632_M1","PD_8h","PD","8h",0.876735,0.0330454
"ATN1_S632_M1","PIPD_8h","PIPD","8h",1.15232,0.0223536
"ATXN1_S88_M1","PD_8h","PD","8h",0.655107,0.00187396
"ATXN1_S88_M1","PIPD_8h","PIPD","8h",0.776252,0.000946847
"ATXN1L_S366_M1","PD_30m","PD","30m",0.833079,0.0164398
"ATXN1L_S366_M1","PIPD_30m","PIPD","30m",0.650995,0.00550881
"ATXN2_S784_M1","PD_8h","PD","8h",0.945931,0.0268692
"ATXN2_S784_M1","PIPD_8h","PIPD","8h",0.893286,0.0393651
"ATXN2L_S449_M1","PD_8h","PD","8h",0.911874,0.0216333
"ATXN2L_S449_M1","PIPD_8h","PIPD","8h",1.60746,0.00074191
"AUNIP_S267_M1","PD_30m","PD","30m",-1.87106,0.000978432
"AUNIP_S267_M1","PIPD_30m","PIPD","30m",-1.20095,0.0292263
"BAG3_S377_M2","PD_30m","PD","30m",-2.16593,0.000149808
"BAG3_S377_M2","PD_2h","PD","2h",-2.50758,0.000246628
"BAG3_S377_M2","PD_8h","PD","8h",-2.43158,1.8e-05
"BAG3_S377_M2","PIPD_30m","PIPD","30m",-2.10173,0.0001957
"BAG3_S377_M2","PIPD_2h","PIPD","2h",-2.24088,0.000866532
"BAG3_S377_M2","PIPD_8h","PIPD","8h",-2.06819,8.4e-05
"BAP1_S369_M1","PD_30m","PD","30m",0.797347,0.012097
"BAP1_S369_M1","PD_8h","PD","8h",1.126,0.000350303
"BAP1_S369_M1","PIPD_30m","PIPD","30m",1.03703,0.01678
"BAP1_S369_M1","PIPD_8h","PIPD","8h",0.923048,0.0145679
"BAZ1A_S1283_M1","PD_8h","PD","8h",0.955683,0.00254968
"BAZ1A_S1283_M1","PIPD_8h","PIPD","8h",1.14366,0.00130369
"BAZ2A_S1184_M1","PD_30m","PD","30m",0.664262,0.036477
"BAZ2A_S1184_M1","PIPD_30m","PIPD","30m",1.23092,0.0038232
"BBX_S243_M1","PD_30m","PD","30m",-0.391097,0.019139
"BBX_S243_M1","PD_2h","PD","2h",-0.72016,0.013057
"BBX_S243_M1","PIPD_30m","PIPD","30m",-0.454904,0.00887915
"BBX_S243_M1","PIPD_2h","PIPD","2h",-0.82734,0.00661343
"BCAR1_Y372_M2","PD_30m","PD","30m",-0.672778,0.0275375
"BCAR1_Y372_M2","PIPD_30m","PIPD","30m",-1.08137,0.000423223
"BCL2L11_S77_M1","PD_30m","PD","30m",-2.74587,0.000626621
"BCL2L11_S77_M1","PD_2h","PD","2h",-2.68655,0.000112572
"BCL2L11_S77_M1","PIPD_30m","PIPD","30m",-1.64452,6.65e-05
"BCL2L11_S77_M1","PIPD_2h","PIPD","2h",-3.97627,6.88e-06
"BCL2L12_T117_M2","PD_8h","PD","8h",-0.727466,0.0102791
"BCL2L12_T117_M2","PIPD_8h","PIPD","8h",-0.611783,0.0233243
"BCL3_S374_M1","PD_30m","PD","30m",0.837761,0.0353746
"BCL3_S374_M1","PIPD_30m","PIPD","30m",0.831046,0.0258007
"BCL9_S687_M1","PD_8h","PD","8h",0.904432,0.00977439
"BCL9_S687_M1","PIPD_8h","PIPD","8h",0.916098,0.0111249
"BCL9L_T918_M2","PD_2h","PD","2h",-0.961737,0.000506105
"BCL9L_T918_M2","PIPD_2h","PIPD","2h",-0.604629,0.0187949
"BLOC1S3_S65_M1","PD_8h","PD","8h",1.17935,0.00026652
"BLOC1S3_S65_M1","PIPD_8h","PIPD","8h",1.65529,8.1e-06
"BMS1_S639_M1","PD_30m","PD","30m",1.04519,0.00406582
"BMS1_S639_M1","PD_2h","PD","2h",1.01356,0.00162853
"BMS1_S639_M1","PIPD_30m","PIPD","30m",0.794032,0.0234721
"BMS1_S639_M1","PIPD_2h","PIPD","2h",1.26038,0.0182049
"BRAF_S750_M1","PD_30m","PD","30m",-0.933033,0.00493447
"BRAF_S750_M1","PD_2h","PD","2h",-1.78392,0.000822829
"BRAF_S750_M1","PIPD_30m","PIPD","30m",-1.09787,0.00339327
"BRAF_S750_M1","PIPD_2h","PIPD","2h",-1.51295,0.00196111
"BRCA1_S1189_M2","PD_8h","PD","8h",-1.6011,0.00230947
"BRCA1_S1189_M2","PIPD_8h","PIPD","8h",-4.28436,8.5e-07
"BRCA1_S1191_M2","PD_8h","PD","8h",-1.6011,0.00230947
"BRCA1_S1191_M2","PIPD_8h","PIPD","8h",-4.28436,8.5e-07
"BRD2_Y40_M1","PD_30m","PD","30m",1.51161,0.0080753
"BRD2_Y40_M1","PIPD_30m","PIPD","30m",1.07685,0.0464993
"BRF2_S353_M1","PD_30m","PD","30m",0.742327,0.006527
"BRF2_S353_M1","PIPD_30m","PIPD","30m",0.77075,0.00124097
"BSDC1_S387_M1","PD_30m","PD","30m",-0.440804,0.0177865
"BSDC1_S387_M1","PD_2h","PD","2h",-0.744332,0.00644482
"BSDC1_S387_M1","PD_8h","PD","8h",-1.10968,0.0371077
"BSDC1_S387_M1","PIPD_30m","PIPD","30m",-0.484921,0.0109778
"BSDC1_S387_M1","PIPD_2h","PIPD","2h",-0.889331,0.00301675
"BSDC1_S387_M1","PIPD_8h","PIPD","8h",-0.900855,0.00218195
"C2CD5_S662_M2","PD_30m","PD","30m",0.842653,0.000313688
"C2CD5_S662_M2","PIPD_30m","PIPD","30m",0.901341,0.00575546
"C2orf49_S184_M2","PD_8h","PD","8h",-0.910979,0.000676193
"C2orf49_S184_M2","PIPD_8h","PIPD","8h",-0.854971,0.00225122
"C2orf49_S189_M3","PD_30m","PD","30m",-0.999651,0.0154792
"C2orf49_S189_M3","PD_8h","PD","8h",-2.36693,0.00153801
"C2orf49_S189_M3","PIPD_30m","PIPD","30m",-1.00749,0.0284279
"C2orf49_S189_M3","PIPD_8h","PIPD","8h",-1.56014,0.00312048
"C2orf49_S193_M3","PD_30m","PD","30m",-0.999651,0.0154792
"C2orf49_S193_M3","PD_8h","PD","8h",-2.36693,0.00153801
"C2orf49_S193_M3","PIPD_30m","PIPD","30m",-1.00749,0.0284279
"C2orf49_S193_M3","PIPD_8h","PIPD","8h",-1.56014,0.00312048
"C7orf50_S175_M1","PD_30m","PD","30m",0.448377,0.0189253
"C7orf50_S175_M1","PIPD_30m","PIPD","30m",0.572685,0.00782942
"CALD1_T730_M1","PD_30m","PD","30m",-4.3858,4.31e-07
"CALD1_T730_M1","PIPD_30m","PIPD","30m",-0.964751,0.0244709
"CAMSAP2_S862_M1","PD_2h","PD","2h",-0.975041,0.00190697
"CAMSAP2_S862_M1","PIPD_2h","PIPD","2h",-0.841007,0.00353747
"CAMSAP3_S334_M1","PD_2h","PD","2h",-0.698474,0.0218667
"CAMSAP3_S334_M1","PD_8h","PD","8h",-0.750623,0.0177958
"CAMSAP3_S334_M1","PIPD_2h","PIPD","2h",-1.0612,0.00574609
"CAMSAP3_S334_M1","PIPD_8h","PIPD","8h",-0.678201,0.031606
"CAST_S575_M1","PD_30m","PD","30m",0.631325,0.0147237
"CAST_S575_M1","PIPD_30m","PIPD","30m",0.869537,0.00326521
"CCDC6_S413_M2","PD_30m","PD","30m",0.676442,0.0493038
"CCDC6_S413_M2","PIPD_30m","PIPD","30m",0.632606,0.0109699
"CCDC61_S376_M1","PD_30m","PD","30m",0.924032,0.000322834
"CCDC61_S376_M1","PD_2h","PD","2h",1.22177,0.000295364
"CCDC61_S376_M1","PIPD_30m","PIPD","30m",1.01865,0.000163184
"CCDC61_S376_M1","PIPD_2h","PIPD","2h",1.4361,0.000735287
"CCNH_T315_M1","PD_30m","PD","30m",4.7436,3.37e-08
"CCNH_T315_M1","PIPD_30m","PIPD","30m",2.50793,0.00104897
"CCNY_S25_M1","PD_8h","PD","8h",0.765964,0.0200825
"CCNY_S25_M1","PIPD_8h","PIPD","8h",1.07158,0.0201951
"CCNYL1_Y120_M1","PD_30m","PD","30m",1.31021,4.09e-05
"CCNYL1_Y120_M1","PIPD_30m","PIPD","30m",1.08137,0.00128378
"CDC42BPB_S1690_M1","PD_8h","PD","8h",0.726849,0.0202008
"CDC42BPB_S1690_M1","PIPD_8h","PIPD","8h",0.779481,0.0182877
"CDC42EP1_S101_M2","PD_8h","PD","8h",-0.899911,0.00229873
"CDC42EP1_S101_M2","PIPD_8h","PIPD","8h",-0.993217,0.00135472
"CDC42EP1_S113_M2","PD_8h","PD","8h",-0.702457,0.0261062
"CDC42EP1_S113_M2","PIPD_8h","PIPD","8h",-0.918421,0.0242696
"CDC42EP1_Y130_M1","PD_30m","PD","30m",1.29611,0.0344478
"CDC42EP1_Y130_M1","PIPD_30m","PIPD","30m",1.29418,0.0423944
"CDCA2_S710_M1","PD_8h","PD","8h",0.869001,0.0160927
"CDCA2_S710_M1","PIPD_8h","PIPD","8h",0.729617,0.015371
"CDCA2_S756_M1","PD_8h","PD","8h",1.05408,0.0379653
"CDCA2_S756_M1","PIPD_8h","PIPD","8h",1.40977,0.0205748
"CDK11B_T595_M1","PD_30m","PD","30m",1.16067,2.35e-05
"CDK11B_T595_M1","PD_8h","PD","8h",1.16606,0.00335478
"CDK11B_T595_M1","PIPD_30m","PIPD","30m",0.858922,0.000951611
"CDK11B_T595_M1","PIPD_8h","PIPD","8h",0.958604,0.0126018
"CDK12_S644_M1","PD_30m","PD","30m",1.37942,0.0157374
"CDK12_S644_M1","PIPD_30m","PIPD","30m",1.74701,0.000695012
"CDKN1C_S299_M1","PD_8h","PD","8h",2.95705,8.41e-05
"CDKN1C_S299_M1","PIPD_8h","PIPD","8h",2.48217,0.000352995
"CENPC_S225_M1","PD_30m","PD","30m",0.572371,0.0270254
"CENPC_S225_M1","PIPD_30m","PIPD","30m",0.481642,0.0432864
"CENPF_S3023_M1","PD_8h","PD","8h",1.33501,0.0462529
"CENPF_S3023_M1","PIPD_8h","PIPD","8h",1.65933,0.021568
"CEP170_S1241_M1","PD_30m","PD","30m",-4.9064,8.4e-09
"CEP170_S1241_M1","PIPD_30m","PIPD","30m",-4.85931,8.32e-09
"CEP170B_S1548_M1","PD_30m","PD","30m",0.88064,0.00592727
"CEP170B_S1548_M1","PIPD_30m","PIPD","30m",0.567385,0.0207759
"CEP68_T363_M1","PD_2h","PD","2h",-0.720901,0.00312063
"CEP68_T363_M1","PIPD_2h","PIPD","2h",-0.813639,0.00872486
"CHAF1A_S65_M1","PD_30m","PD","30m",0.70536,0.00121242
"CHAF1A_S65_M1","PIPD_30m","PIPD","30m",0.554764,0.00764438
"CHAMP1_S173_M1","PD_8h","PD","8h",0.822694,0.0298875
"CHAMP1_S173_M1","PIPD_8h","PIPD","8h",1.04925,0.0136412
"CHD3_T1541_M2","PD_8h","PD","8h",-0.991811,0.000894536
"CHD3_T1541_M2","PIPD_8h","PIPD","8h",-0.709596,0.00614896
"CHD8_S1995_M2","PD_30m","PD","30m",-0.505717,0.00480521
"CHD8_S1995_M2","PIPD_30m","PIPD","30m",-0.370814,0.0273518
"CHD8_S2008_M2","PD_30m","PD","30m",-0.505717,0.00480521
"CHD8_S2008_M2","PIPD_30m","PIPD","30m",-0.370814,0.0273518
"CHEK1_S280_M1","PD_2h","PD","2h",-1.80015,6.6e-06
"CHEK1_S280_M1","PIPD_2h","PIPD","2h",-5.10967,6.12e-11
"CIAPIN1_S183_M1","PD_8h","PD","8h",1.18906,0.00705133
"CIAPIN1_S183_M1","PIPD_8h","PIPD","8h",0.845147,0.034975
"CKAP2_S534_M1","PD_2h","PD","2h",2.16761,2.7e-07
"CKAP2_S534_M1","PIPD_2h","PIPD","2h",1.74421,1.26e-05
"CLIP1_S204_M2","PD_8h","PD","8h",-1.25321,0.000446872
"CLIP1_S204_M2","PIPD_8h","PIPD","8h",-0.928876,0.0050104
"CLMN_S449_M1","PD_8h","PD","8h",1.6198,0.0371798
"CLMN_S449_M1","PIPD_8h","PIPD","8h",1.64267,0.0276659
"CLSPN_T740_M1","PD_2h","PD","2h",0.723761,0.000327405
"CLSPN_T740_M1","PIPD_2h","PIPD","2h",1.15006,0.00258209
"CNKSR1_T289_M2","PD_8h","PD","8h",-1.12498,2.6e-05
"CNKSR1_T289_M2","PIPD_8h","PIPD","8h",-0.95208,0.00323281
"CNNM4_S728_M1","PD_30m","PD","30m",0.318581,0.0389112
"CNNM4_S728_M1","PIPD_30m","PIPD","30m",0.322885,0.0489256
"CREBBP_S1076_M1","PD_30m","PD","30m",-0.897971,0.00831012
"CREBBP_S1076_M1","PIPD_30m","PIPD","30m",-0.584004,0.0365793
"CREBBP_S976_M2","PD_30m","PD","30m",4.02299,3.27e-09
"CREBBP_S976_M2","PIPD_30m","PIPD","30m",5.08811,3.33e-10
"CREBBP_T974_M2","PD_30m","PD","30m",4.02299,3.27e-09
"CREBBP_T974_M2","PIPD_30m","PIPD","30m",5.08811,3.33e-10
"CRTC3_S62_M1","PD_30m","PD","30m",0.347364,0.0357378
"CRTC3_S62_M1","PIPD_30m","PIPD","30m",0.514809,0.0306445
"CRYBG2_S441_M1","PD_2h","PD","2h",-1.65661,7e-07
"CRYBG2_S441_M1","PIPD_2h","PIPD","2h",-8.24676,4.22e-12
"CSPP1_S966_M1","PD_30m","PD","30m",0.443951,0.0438383
"CSPP1_S966_M1","PD_2h","PD","2h",0.733904,0.0156171
"CSPP1_S966_M1","PD_8h","PD","8h",0.993312,0.0187185
"CSPP1_S966_M1","PIPD_30m","PIPD","30m",0.759692,0.000531658
"CSPP1_S966_M1","PIPD_2h","PIPD","2h",0.662476,0.0486289
"CSPP1_S966_M1","PIPD_8h","PIPD","8h",0.962908,0.0432045
"CTNNA1_S655_M1","PD_8h","PD","8h",0.656472,0.00423836
"CTNNA1_S655_M1","PIPD_8h","PIPD","8h",0.581195,0.0159831
"CTNND1_S349_M1","PD_8h","PD","8h",0.478654,0.0380042
"CTNND1_S349_M1","PIPD_8h","PIPD","8h",0.948973,0.0166395
"DAXX_S675_M2","PD_30m","PD","30m",1.08185,0.00388876
"DAXX_S675_M2","PIPD_30m","PIPD","30m",0.569757,0.00357788
"DBF4_S413_M2","PD_8h","PD","8h",-1.78828,0.00439998
"DBF4_S413_M2","PIPD_8h","PIPD","8h",-1.56356,0.00574813
"DBF4_S420_M1","PD_30m","PD","30m",1.05666,0.0322994
"DBF4_S420_M1","PIPD_30m","PIPD","30m",0.78082,0.0253392
"DBF4_S420_M2","PD_8h","PD","8h",-1.78828,0.00439998
"DBF4_S420_M2","PIPD_8h","PIPD","8h",-1.56533,0.00571599
"DCBLD1_S556_M1","PD_2h","PD","2h",6.66525,3.58e-12
"DCBLD1_S556_M1","PIPD_2h","PIPD","2h",6.75451,4.81e-11
"DCP1A_Y310_M1","PD_30m","PD","30m",1.28474,0.000721645
"DCP1A_Y310_M1","PIPD_30m","PIPD","30m",1.0416,0.000200922
"DDI2_S194_M1","PD_30m","PD","30m",-1.33473,0.0145745
"DDI2_S194_M1","PD_8h","PD","8h",-0.849897,0.0372301
"DDI2_S194_M1","PIPD_30m","PIPD","30m",-1.85231,0.00677381
"DDI2_S194_M1","PIPD_8h","PIPD","8h",-1.15986,0.0411447
"DDX21_S121_M1","PD_30m","PD","30m",0.537736,0.0146784
"DDX21_S121_M1","PIPD_30m","PIPD","30m",0.60225,0.0117188
"DEK_T13_M1","PD_8h","PD","8h",0.945545,0.0180818
"DEK_T13_M1","PIPD_8h","PIPD","8h",1.01561,0.0150376
"DENND1A_S592_M1","PD_2h","PD","2h",0.452966,0.0162506
"DENND1A_S592_M1","PIPD_2h","PIPD","2h",0.548143,0.0335437
"DENND1B_S653_M1","PD_2h","PD","2h",-0.641388,0.0404036
"DENND1B_S653_M1","PIPD_2h","PIPD","2h",-0.886972,0.026521
"DENND6A_S127_M1","PD_30m","PD","30m",0.813054,0.00704727
"DENND6A_S127_M1","PIPD_30m","PIPD","30m",0.454477,0.030415
"DIDO1_S1260_M2","PD_8h","PD","8h",-1.14897,0.0133947
"DIDO1_S1260_M2","PIPD_8h","PIPD","8h",-1.63521,0.00594995
"DIDO1_T1256_M2","PD_8h","PD","8h",-1.14897,0.0133947
"DIDO1_T1256_M2","PIPD_8h","PIPD","8h",-1.63521,0.00594995
"DLG5_Y990_M1","PD_30m","PD","30m",0.910977,0.0161463
"DLG5_Y990_M1","PIPD_30m","PIPD","30m",0.638453,0.0100263
"DMXL2_S2403_M1","PD_8h","PD","8h",0.594839,0.0337039
"DMXL2_S2403_M1","PIPD_8h","PIPD","8h",1.37366,0.000210994
"DOCK11_T1247_M1","PD_8h","PD","8h",0.8174,0.00116174
"DOCK11_T1247_M1","PIPD_8h","PIPD","8h",0.54229,0.0474507
"DOCK5_T1794_M2","PD_30m","PD","30m",-1.92418,6.85e-07
"DOCK5_T1794_M2","PD_2h","PD","2h",-1.84742,0.00325427
"DOCK5_T1794_M2","PIPD_30m","PIPD","30m",-2.30631,2.45e-07
"DOCK5_T1794_M2","PIPD_2h","PIPD","2h",-1.69208,0.00754718
"DOCK5_T1808_M2","PD_2h","PD","2h",-2.35143,3.34e-05
"DOCK5_T1808_M2","PD_8h","PD","8h",-1.74044,5.51e-05
"DOCK5_T1808_M2","PIPD_2h","PIPD","2h",-1.3351,0.00265674
"DOCK5_T1808_M2","PIPD_8h","PIPD","8h",-1.26778,0.000437576
"DOCK5_T1814_M2","PD_2h","PD","2h",-2.35143,3.34e-05
"DOCK5_T1814_M2","PD_8h","PD","8h",-1.74044,5.51e-05
"DOCK5_T1814_M2","PIPD_2h","PIPD","2h",-1.3351,0.00265674
"DOCK5_T1814_M2","PIPD_8h","PIPD","8h",-1.26778,0.000437576
"DOCK7_S30_M1","PD_8h","PD","8h",0.97832,0.0270949
"DOCK7_S30_M1","PIPD_8h","PIPD","8h",1.28216,0.00882685
"DOCK7_S452_M1","PD_8h","PD","8h",0.565148,0.0194368
"DOCK7_S452_M1","PIPD_8h","PIPD","8h",0.752101,0.0113635
"DOT1L_S1001_M2","PD_30m","PD","30m",-0.890337,0.00181523
"DOT1L_S1001_M2","PIPD_30m","PIPD","30m",-0.593623,0.0337806
"DOT1L_S1007_M2","PD_30m","PD","30m",-0.890337,0.00181523
"DOT1L_S1007_M2","PIPD_30m","PIPD","30m",-0.593623,0.0337806
"DOT1L_S1030_M1","PD_8h","PD","8h",1.0413,0.00206167
"DOT1L_S1030_M1","PIPD_8h","PIPD","8h",0.725975,0.00381723
"DSG2_S723_M1","PD_2h","PD","2h",1.6625,2e-06
"DSG2_S723_M1","PIPD_2h","PIPD","2h",1.22722,0.00272615
"DSP_S2825_M1","PD_8h","PD","8h",0.802101,0.0147532
"DSP_S2825_M1","PIPD_8h","PIPD","8h",0.777128,0.0264531
"DSP_S53_M1","PD_8h","PD","8h",0.567381,0.0179386
"DSP_S53_M1","PIPD_8h","PIPD","8h",0.524907,0.0309334
"DSTN_S3_M1","PD_8h","PD","8h",0.604727,0.0145547
"DSTN_S3_M1","PIPD_8h","PIPD","8h",0.885768,0.00456282
"DTL_T516_M2","PD_30m","PD","30m",-1.02549,0.00060342
"DTL_T516_M2","PIPD_30m","PIPD","30m",-0.548985,0.0168645
"E2F8_S358_M1","PD_30m","PD","30m",5.02934,2.42e-10
"E2F8_S358_M1","PIPD_30m","PIPD","30m",4.7029,9.55e-11
"EAF2_S154_M1","PD_8h","PD","8h",1.93175,0.00184397
"EAF2_S154_M1","PIPD_8h","PIPD","8h",1.35738,0.0265113
"EDAR_S283_M2","PD_8h","PD","8h",-1.77118,0.000155054
"EDAR_S283_M2","PIPD_8h","PIPD","8h",-3.86557,1.1e-05
"EDAR_S286_M2","PD_8h","PD","8h",-1.82484,0.00175468
"EDAR_S286_M2","PIPD_8h","PIPD","8h",-3.81587,2.45e-05
"EFNB2_S325_M1","PD_30m","PD","30m",1.95337,2.7e-06
"EFNB2_S325_M1","PIPD_30m","PIPD","30m",1.44629,4.96e-05
"EHBP1_S664_M1","PD_30m","PD","30m",-5.64242,5.3e-11
"EHBP1_S664_M1","PD_8h","PD","8h",-5.85137,1.42e-10
"EHBP1_S664_M1","PIPD_30m","PIPD","30m",-5.64078,5.03e-10
"EHBP1_S664_M1","PIPD_8h","PIPD","8h",-5.9696,5.32e-10
"EHMT2_T171_M1","PD_30m","PD","30m",0.684823,0.0285229
"EHMT2_T171_M1","PIPD_30m","PIPD","30m",1.01718,0.0046723
"EIF4ENIF1_S681_M1","PD_30m","PD","30m",5.38764,3.07e-10
"EIF4ENIF1_S681_M1","PIPD_30m","PIPD","30m",5.47861,2.85e-10
"EIF5_S229_M1","PD_30m","PD","30m",0.608031,0.000575673
"EIF5_S229_M1","PIPD_30m","PIPD","30m",0.53498,0.00340203
"ELL_S442_M1","PD_30m","PD","30m",1.22084,0.000127746
"ELL_S442_M1","PIPD_30m","PIPD","30m",0.72921,0.00621739
"EPPK1_S2720_M2","PD_8h","PD","8h",0.821034,0.0291921
"EPPK1_S2720_M2","PIPD_8h","PIPD","8h",0.924903,0.0171646
"EPS8L2_T469_M1","PD_2h","PD","2h",4.19545,1.33e-06
"EPS8L2_T469_M1","PIPD_2h","PIPD","2h",4.23835,1.92e-06
"EPS8L3_S445_M2","PD_8h","PD","8h",-0.901139,0.0291857
"EPS8L3_S445_M2","PIPD_8h","PIPD","8h",-0.937651,0.0221231
"ERBB2_S1054_M1","PD_30m","PD","30m",1.30767,1.33e-05
"ERBB2_S1054_M1","PD_2h","PD","2h",1.65534,0.00444058
"ERBB2_S1054_M1","PD_8h","PD","8h",1.50697,0.000122498
"ERBB2_S1054_M1","PIPD_30m","PIPD","30m",1.52835,1.53e-06
"ERBB2_S1054_M1","PIPD_2h","PIPD","2h",2.0938,1.84e-05
"ERBB2_S1054_M1","PIPD_8h","PIPD","8h",1.27498,0.000705018
"ERBB2_S998_M1","PD_30m","PD","30m",-1.17659,0.00930213
"ERBB2_S998_M1","PD_2h","PD","2h",-1.66242,0.00628586
"ERBB2_S998_M1","PIPD_30m","PIPD","30m",-1.64413,0.00102696
"ERBB2_S998_M1","PIPD_2h","PIPD","2h",-2.43225,0.00796729
"ERBIN_Y884_M1","PD_8h","PD","8h",3.11466,5.24e-08
"ERBIN_Y884_M1","PIPD_8h","PIPD","8h",3.71881,6.84e-08
"ESPL1_S1501_M1","PD_2h","PD","2h",0.821059,0.00528344
"ESPL1_S1501_M1","PIPD_2h","PIPD","2h",1.12519,0.0255438
"ESYT1_S935_M2","PD_30m","PD","30m",-1.25734,0.00124938
"ESYT1_S935_M2","PIPD_30m","PIPD","30m",-6.04599,1.78e-09
"ESYT1_Y927_M2","PD_30m","PD","30m",-1.25734,0.00124938
"ESYT1_Y927_M2","PIPD_30m","PIPD","30m",-6.04599,1.78e-09
"ETV3_S139_M1","PD_30m","PD","30m",-2.65005,8.14e-07
"ETV3_S139_M1","PD_2h","PD","2h",-1.852,0.00129968
"ETV3_S139_M1","PIPD_30m","PIPD","30m",-3.08585,1.13e-08
"ETV3_S139_M1","PIPD_2h","PIPD","2h",-1.92823,5.24e-06
"ETV3_S159_M1","PD_2h","PD","2h",-2.70737,1.11e-06
"ETV3_S159_M1","PIPD_2h","PIPD","2h",-2.10464,5.71e-06
"EVPL_S1575_M1","PD_8h","PD","8h",0.667639,0.0166018
"EVPL_S1575_M1","PIPD_8h","PIPD","8h",0.737151,0.00916994
"FAM117A_S178_M1","PD_8h","PD","8h",-1.16449,0.000883941
"FAM117A_S178_M1","PIPD_8h","PIPD","8h",-1.2855,0.000406304
"FAM117B_S136_M2","PD_2h","PD","2h",-0.945442,0.00364208
"FAM117B_S136_M2","PIPD_2h","PIPD","2h",-5.0023,3.79e-10
"FAM76B_S193_M1","PD_30m","PD","30m",0.651306,0.0156813
"FAM76B_S193_M1","PIPD_30m","PIPD","30m",0.787301,0.0139292
"FAM83F_S4_M1","PD_30m","PD","30m",0.47739,0.0374514
"FAM83F_S4_M1","PIPD_30m","PIPD","30m",0.93976,0.049101
"FAM83H_S1061_M2","PD_8h","PD","8h",-0.904041,0.00265006
"FAM83H_S1061_M2","PIPD_8h","PIPD","8h",-1.38576,0.00236742
"FAM83H_S514_M2","PD_8h","PD","8h",-1.03869,0.0201417
"FAM83H_S514_M2","PIPD_8h","PIPD","8h",-1.02826,0.021813
"FBRSL1_T1010_M1","PD_30m","PD","30m",1.11959,0.013998
"FBRSL1_T1010_M1","PIPD_30m","PIPD","30m",0.651628,0.0480249
"FILIP1L_S1013_M1","PD_8h","PD","8h",6.15646,1.67e-11
"FILIP1L_S1013_M1","PIPD_8h","PIPD","8h",5.75472,4.19e-11
"FIP1L1_S259_M1","PD_8h","PD","8h",1.06607,0.00846065
"FIP1L1_S259_M1","PIPD_8h","PIPD","8h",0.911002,0.0381165
"FLNA_S1084_M1","PD_8h","PD","8h",1.18139,0.008756
"FLNA_S1084_M1","PIPD_8h","PIPD","8h",1.06691,0.0157148
"FLNA_S2053_M1","PD_30m","PD","30m",0.936434,0.00697398
"FLNA_S2053_M1","PD_8h","PD","8h",1.04983,0.0325051
"FLNA_S2053_M1","PIPD_30m","PIPD","30m",0.68711,0.00651222
"FLNA_S2053_M1","PIPD_8h","PIPD","8h",1.18515,0.0243107
"FN1_S2475_M1","PD_30m","PD","30m",1.14876,0.000933662
"FN1_S2475_M1","PIPD_30m","PIPD","30m",0.871352,0.00911356
"FOXK2_S432_M1","PD_2h","PD","2h",-4.64655,1.12e-06
"FOXK2_S432_M1","PIPD_2h","PIPD","2h",-4.58542,2.1e-06
"G3BP1_T241_M1","PD_30m","PD","30m",-0.761999,0.0169626
"G3BP1_T241_M1","PIPD_30m","PIPD","30m",-0.96369,0.0016388
"GAB1_S274_M1","PD_2h","PD","2h",-1.30687,0.00268662
"GAB1_S274_M1","PIPD_2h","PIPD","2h",-0.832133,0.0155979
"GAB1_S419_M1","PD_8h","PD","8h",0.424838,0.0324224
"GAB1_S419_M1","PIPD_8h","PIPD","8h",0.383523,0.029854
"GAPVD1_S746_M1","PD_30m","PD","30m",-0.641113,0.00599033
"GAPVD1_S746_M1","PD_2h","PD","2h",-0.627757,0.0444125
"GAPVD1_S746_M1","PD_8h","PD","8h",-0.549211,0.00496954
"GAPVD1_S746_M1","PIPD_30m","PIPD","30m",-0.58478,0.00551193
"GAPVD1_S746_M1","PIPD_2h","PIPD","2h",-0.585553,0.0248182
"GAPVD1_S746_M1","PIPD_8h","PIPD","8h",-1.30932,0.0034145
"GEMIN5_S757_M1","PD_30m","PD","30m",0.611934,0.0351631
"GEMIN5_S757_M1","PIPD_30m","PIPD","30m",0.611479,0.00591835
"GLCCI1_S303_M1","PD_30m","PD","30m",0.443387,0.0105092
"GLCCI1_S303_M1","PIPD_30m","PIPD","30m",0.618719,0.00122735
"GLCCI1_T175_M1","PD_30m","PD","30m",0.755178,0.00710754
"GLCCI1_T175_M1","PIPD_30m","PIPD","30m",0.607968,0.0255354
"GOLGA4_S74_M2","PD_8h","PD","8h",-0.773556,0.0485387
"GOLGA4_S74_M2","PIPD_8h","PIPD","8h",-1.58703,0.00179864
"GORASP2_S451_M1","PD_8h","PD","8h",-0.973463,0.0019053
"GORASP2_S451_M1","PIPD_8h","PIPD","8h",-1.08933,0.00276316
"GPKOW_T210_M1","PD_30m","PD","30m",0.947396,0.000505391
"GPKOW_T210_M1","PD_8h","PD","8h",0.944958,0.0445737
"GPKOW_T210_M1","PIPD_30m","PIPD","30m",0.592314,0.010406
"GPKOW_T210_M1","PIPD_8h","PIPD","8h",1.62686,0.00360831
"GPRC5C_Y324_M1","PD_8h","PD","8h",0.859027,0.00722684
"GPRC5C_Y324_M1","PIPD_8h","PIPD","8h",0.677944,0.0474464
"GRAMD2B_S221_M1","PD_8h","PD","8h",-0.530484,0.0187542
"GRAMD2B_S221_M1","PIPD_8h","PIPD","8h",-0.556079,0.00574832
"GSK3B_S9_M1","PD_2h","PD","2h",3.59148,1.86e-08
"GSK3B_S9_M1","PIPD_2h","PIPD","2h",3.12108,1.78e-07
"GTF2I_S103_M1","PD_8h","PD","8h",0.883523,0.0204984
"GTF2I_S103_M1","PIPD_8h","PIPD","8h",1.55637,0.00031674
"GTF3C1_S1068_M1","PD_30m","PD","30m",0.784835,0.00118828
"GTF3C1_S1068_M1","PD_2h","PD","2h",1.54164,2.87e-05
"GTF3C1_S1068_M1","PD_8h","PD","8h",1.46011,0.000387698
"GTF3C1_S1068_M1","PIPD_30m","PIPD","30m",1.49961,9.36e-06
"GTF3C1_S1068_M1","PIPD_2h","PIPD","2h",2.05901,5.55e-07
"GTF3C1_S1068_M1","PIPD_8h","PIPD","8h",0.901424,0.00759297
"H1-5_S2_M1","PD_8h","PD","8h",0.594144,0.0115527
"H1-5_S2_M1","PIPD_8h","PIPD","8h",0.916937,0.00171747
"HCFC1_S1507_M1","PD_30m","PD","30m",0.895861,0.0054313
"HCFC1_S1507_M1","PIPD_30m","PIPD","30m",0.704571,0.0443706
"HDAC4_S467_M1","PD_30m","PD","30m",0.776916,0.00941644
"HDAC4_S467_M1","PIPD_30m","PIPD","30m",0.752661,0.03313
"HDAC7_T411_M1","PD_2h","PD","2h",5.89258,2e-10
"HDAC7_T411_M1","PIPD_2h","PIPD","2h",4.65914,1.26e-08
"HDLBP_S31_M1","PD_30m","PD","30m",0.46962,0.0175985
"HDLBP_S31_M1","PIPD_30m","PIPD","30m",0.481972,0.023465
"HELZ_S1317_M1","PD_30m","PD","30m",1.11443,0.000123242
"HELZ_S1317_M1","PIPD_30m","PIPD","30m",1.28896,0.00583749
"HID1_S593_M1","PD_8h","PD","8h",0.59479,0.00816046
"HID1_S593_M1","PIPD_8h","PIPD","8h",0.417668,0.0384549
"HIPK1_Y352_M1","PD_8h","PD","8h",3.26199,3.54e-09
"HIPK1_Y352_M1","PIPD_8h","PIPD","8h",3.33036,6.08e-09
"HIRIP3_S227_M1","PD_30m","PD","30m",0.326671,0.0417609
"HIRIP3_S227_M1","PIPD_30m","PIPD","30m",0.565794,0.00118304
"HIVEP1_S1051_M1","PD_2h","PD","2h",-0.713536,0.0319934
"HIVEP1_S1051_M1","PIPD_2h","PIPD","2h",-0.863238,0.0402469
"HNRNPA3_S43_M1","PD_30m","PD","30m",0.988442,0.00595507
"HNRNPA3_S43_M1","PIPD_30m","PIPD","30m",0.706551,0.00324144
"HSF1_T369_M2","PD_8h","PD","8h",-0.818134,0.00936892
"HSF1_T369_M2","PIPD_8h","PIPD","8h",-1.07691,0.00312048
"INCENP_S312_M2","PD_8h","PD","8h",-0.873575,0.00594918
"INCENP_S312_M2","PIPD_8h","PIPD","8h",-0.763225,0.0307607
"INCENP_S314_M2","PD_8h","PD","8h",-1.07537,0.000318573
"INCENP_S314_M2","PIPD_8h","PIPD","8h",-0.712106,0.0116471
"INF2_S372_M1","PD_2h","PD","2h",5.02161,4.62e-10
"INF2_S372_M1","PIPD_2h","PIPD","2h",4.55112,6.04e-10
"INO80C_S26_M1","PD_30m","PD","30m",-0.812712,0.020811
"INO80C_S26_M1","PIPD_30m","PIPD","30m",-1.00381,0.0140259
"INTS10_S233_M1","PD_30m","PD","30m",0.686708,0.0174498
"INTS10_S233_M1","PIPD_30m","PIPD","30m",0.540001,0.0148169
"IRF2BP2_S455_M2","PD_30m","PD","30m",-1.23993,0.00224684
"IRF2BP2_S455_M2","PIPD_30m","PIPD","30m",-0.876845,0.0205995
"IRF2BP2_T404_M1","PD_30m","PD","30m",0.598912,0.0108336
"IRF2BP2_T404_M1","PIPD_30m","PIPD","30m",0.427337,0.0172594
"ITPKB_S43_M1","PD_30m","PD","30m",-1.82294,2.14e-05
"ITPKB_S43_M1","PD_2h","PD","2h",-1.84453,1.87e-05
"ITPKB_S43_M1","PIPD_30m","PIPD","30m",-1.89952,0.000478633
"ITPKB_S43_M1","PIPD_2h","PIPD","2h",-2.22252,2.43e-06
"ITPKC_S9_M1","PD_8h","PD","8h",0.676264,0.0141771
"ITPKC_S9_M1","PIPD_8h","PIPD","8h",0.650896,0.0226031
"ITPRID2_S737_M2","PD_8h","PD","8h",-1.16561,0.0208963
"ITPRID2_S737_M2","PIPD_8h","PIPD","8h",-1.13407,0.00803653
"JPT2_S30_M1","PD_8h","PD","8h",1.11757,0.000168588
"JPT2_S30_M1","PIPD_8h","PIPD","8h",0.861447,0.0107341
"JUNB_S251_M2","PD_8h","PD","8h",-0.920761,0.00157336
"JUNB_S251_M2","PIPD_8h","PIPD","8h",-0.652711,0.00576662
"KDM4B_S566_M1","PD_30m","PD","30m",-0.690454,0.0045618
"KDM4B_S566_M1","PIPD_30m","PIPD","30m",-0.617868,0.0176186
"KIAA1522_S215_M1","PD_30m","PD","30m",0.7687,0.0223186
"KIAA1522_S215_M1","PIPD_30m","PIPD","30m",0.573245,0.0150294
"KIAA1671_S128_M1","PD_8h","PD","8h",0.72245,0.0461556
"KIAA1671_S128_M1","PIPD_8h","PIPD","8h",1.13303,0.0080255
"KIAA1671_S1760_M1","PD_2h","PD","2h",-1.00037,0.0262384
"KIAA1671_S1760_M1","PIPD_2h","PIPD","2h",-1.16401,0.0201326
"KIF20A_S532_M1","PD_8h","PD","8h",0.846724,0.00789754
"KIF20A_S532_M1","PIPD_8h","PIPD","8h",1.29516,0.000491272
"KIF26B_T881_M1","PD_30m","PD","30m",1.04961,0.00464849
"KIF26B_T881_M1","PIPD_30m","PIPD","30m",0.931773,0.00888428
"KIF4A_T1181_M1","PD_8h","PD","8h",1.10676,0.0481762
"KIF4A_T1181_M1","PIPD_8h","PIPD","8h",1.02595,0.0443356
"KIZ_S623_M1","PD_8h","PD","8h",1.10691,0.000100682
"KIZ_S623_M1","PIPD_8h","PIPD","8h",0.627878,0.0078172
"KMT2C_S113_M1","PD_8h","PD","8h",0.510287,0.0231434
"KMT2C_S113_M1","PIPD_8h","PIPD","8h",0.613869,0.0123674
"KRT18_Y36_M2","PD_30m","PD","30m",-1.01452,0.000674732
"KRT18_Y36_M2","PIPD_30m","PIPD","30m",-1.38726,0.000343835
"KRT6A_S44_M1","PD_8h","PD","8h",0.838773,0.00220218
"KRT6A_S44_M1","PIPD_8h","PIPD","8h",1.29163,0.00033152
"KRT8_S37_M1","PD_8h","PD","8h",0.961067,0.00369348
"KRT8_S37_M1","PIPD_8h","PIPD","8h",1.14854,0.00182756
"LARP1_S548_M1","PD_30m","PD","30m",0.619895,0.0399253
"LARP1_S548_M1","PIPD_30m","PIPD","30m",0.739316,0.0054568
"LARP1_T137_M1","PD_8h","PD","8h",0.646875,0.0340937
"LARP1_T137_M1","PIPD_8h","PIPD","8h",1.17705,0.0258611
"LARP1_T649_M1","PD_8h","PD","8h",0.809923,0.0132992
"LARP1_T649_M1","PIPD_8h","PIPD","8h",0.908019,0.00681188
"LEO1_S630_M1","PD_8h","PD","8h",0.511473,0.008756
"LEO1_S630_M1","PIPD_8h","PIPD","8h",0.632399,0.00936028
"LZTS2_S296_M1","PD_8h","PD","8h",1.57633,0.00948068
"LZTS2_S296_M1","PIPD_8h","PIPD","8h",1.68744,0.00257172
"MACF1_S1376_M1","PD_30m","PD","30m",-0.822001,0.000663702
"MACF1_S1376_M1","PD_2h","PD","2h",-1.50919,0.0148882
"MACF1_S1376_M1","PD_8h","PD","8h",-1.24928,0.000238237
"MACF1_S1376_M1","PIPD_30m","PIPD","30m",-1.78338,6.53e-06
"MACF1_S1376_M1","PIPD_2h","PIPD","2h",-1.48234,0.0265276
"MACF1_S1376_M1","PIPD_8h","PIPD","8h",-1.26051,0.000430877
"MACO1_S305_M1","PD_30m","PD","30m",1.07351,8.86e-05
"MACO1_S305_M1","PIPD_30m","PIPD","30m",1.04527,0.000168889
"MAP1B_S1378_M1","PD_8h","PD","8h",0.850035,0.00179961
"MAP1B_S1378_M1","PIPD_8h","PIPD","8h",0.805327,0.0248009
"MAP1B_S1400_M1","PD_8h","PD","8h",-0.756545,0.00696676
"MAP1B_S1400_M1","PIPD_8h","PIPD","8h",-0.531906,0.0294065
"MAP1B_S1793_M1","PD_30m","PD","30m",0.914717,0.0287878
"MAP1B_S1793_M1","PIPD_30m","PIPD","30m",0.825106,0.0238195
"MAP2K2_S226_M1","PD_30m","PD","30m",2.54591,5.52e-07
"MAP2K2_S226_M1","PD_2h","PD","2h",2.93087,2.79e-05
"MAP2K2_S226_M1","PD_8h","PD","8h",3.57529,1.62e-08
"MAP2K2_S226_M1","PIPD_30m","PIPD","30m",2.49875,2.24e-05
"MAP2K2_S226_M1","PIPD_2h","PIPD","2h",2.92201,4.95e-05
"MAP2K2_S226_M1","PIPD_8h","PIPD","8h",2.99642,1.83e-06
"MAP4_S636_M1","PD_8h","PD","8h",1.37486,0.00254991
"MAP4_S636_M1","PIPD_8h","PIPD","8h",1.41538,0.00259182
"MAP4_T571_M1","PD_8h","PD","8h",0.9267,0.0400626
"MAP4_T571_M1","PIPD_8h","PIPD","8h",0.982231,0.0325212
"MAP4K4_S852_M1","PD_8h","PD","8h",-0.827396,0.0265652
"MAP4K4_S852_M1","PIPD_8h","PIPD","8h",-3.74727,2.3e-07
"MAP7_T277_M1","PD_8h","PD","8h",1.13287,0.0250637
"MAP7_T277_M1","PIPD_8h","PIPD","8h",1.57808,0.00874212
"MAP7D1_S41_M1","PD_30m","PD","30m",0.650797,0.00393101
"MAP7D1_S41_M1","PD_8h","PD","8h",0.965315,0.00303988
"MAP7D1_S41_M1","PIPD_30m","PIPD","30m",0.293176,0.0332355
"MAP7D1_S41_M1","PIPD_8h","PIPD","8h",0.870486,0.0276178
"MAPK7_T733_M1","PD_8h","PD","8h",0.550357,0.0278986
"MAPK7_T733_M1","PIPD_8h","PIPD","8h",0.749266,0.0361672
"MARCKS_S101_M1","PD_2h","PD","2h",-0.715862,0.00820031
"MARCKS_S101_M1","PD_8h","PD","8h",-1.53717,0.00162706
"MARCKS_S101_M1","PIPD_2h","PIPD","2h",-1.13622,0.000488077
"MARCKS_S101_M1","PIPD_8h","PIPD","8h",-1.14385,0.00902424
"MAST2_S209_M1","PD_30m","PD","30m",-1.60232,0.0114026
"MAST2_S209_M1","PD_2h","PD","2h",-2.14134,0.00424572
"MAST2_S209_M1","PD_8h","PD","8h",-1.73132,0.00412937
"MAST2_S209_M1","PIPD_30m","PIPD","30m",-2.14826,0.00341766
"MAST2_S209_M1","PIPD_2h","PIPD","2h",-3.13806,1.07e-05
"MAST2_S209_M1","PIPD_8h","PIPD","8h",-1.78981,0.00100188
"MATR3_S188_M1","PD_8h","PD","8h",0.504789,0.0279934
"MATR3_S188_M1","PIPD_8h","PIPD","8h",0.590474,0.00888215
"MATR3_S206_M1","PD_2h","PD","2h",0.394533,0.0442766
"MATR3_S206_M1","PIPD_2h","PIPD","2h",0.516337,0.0329522
"MCM2_S41_M1","PD_30m","PD","30m",1.07503,0.00246123
"MCM2_S41_M1","PIPD_30m","PIPD","30m",2.01645,7.63e-05
"MCRS1_S16_M2","PD_30m","PD","30m",3.31271,5.87e-09
"MCRS1_S16_M2","PIPD_30m","PIPD","30m",4.13409,1.02e-09
"MCRS1_T18_M2","PD_30m","PD","30m",3.31271,5.87e-09
"MCRS1_T18_M2","PIPD_30m","PIPD","30m",4.13409,1.02e-09
"MED1_S1207_M2","PD_30m","PD","30m",-0.374829,0.0176346
"MED1_S1207_M2","PD_8h","PD","8h",-1.24229,0.011893
"MED1_S1207_M2","PIPD_30m","PIPD","30m",-0.430443,0.0390903
"MED1_S1207_M2","PIPD_8h","PIPD","8h",-0.931212,0.0379236
"MED1_T1215_M2","PD_30m","PD","30m",-0.374829,0.0176346
"MED1_T1215_M2","PD_8h","PD","8h",-1.24229,0.011893
"MED1_T1215_M2","PIPD_30m","PIPD","30m",-0.430443,0.0390903
"MED1_T1215_M2","PIPD_8h","PIPD","8h",-0.931212,0.0379236
"MED13_S481_M1","PD_8h","PD","8h",-1.13402,0.00315711
"MED13_S481_M1","PIPD_8h","PIPD","8h",-0.611143,0.035088
"MEPCE_S152_M1","PD_8h","PD","8h",1.03515,0.0149196
"MEPCE_S152_M1","PIPD_8h","PIPD","8h",1.20842,0.0113191
"MEX3D_S514_M3","PD_30m","PD","30m",-0.464403,0.0375653
"MEX3D_S514_M3","PD_8h","PD","8h",-0.838103,0.000755477
"MEX3D_S514_M3","PIPD_30m","PIPD","30m",-0.602376,0.0231711
"MEX3D_S514_M3","PIPD_8h","PIPD","8h",-0.962169,0.00363801
"MEX3D_T510_M3","PD_30m","PD","30m",-0.464403,0.0375653
"MEX3D_T510_M3","PD_8h","PD","8h",-0.838103,0.000755477
"MEX3D_T510_M3","PIPD_30m","PIPD","30m",-0.602376,0.0231711
"MEX3D_T510_M3","PIPD_8h","PIPD","8h",-0.962169,0.00363801
"MEX3D_T516_M3","PD_30m","PD","30m",-0.464403,0.0375653
"MEX3D_T516_M3","PD_8h","PD","8h",-0.838103,0.000755477
"MEX3D_T516_M3","PIPD_30m","PIPD","30m",-0.602376,0.0231711
"MEX3D_T516_M3","PIPD_8h","PIPD","8h",-0.962169,0.00363801
"MIA2_S1255_M1","PD_8h","PD","8h",0.697863,0.0424589
"MIA2_S1255_M1","PIPD_8h","PIPD","8h",0.887622,0.0396989
"MINDY1_S103_M1","PD_30m","PD","30m",-0.966175,0.000180902
"MINDY1_S103_M1","PD_2h","PD","2h",-1.06454,0.00887353
"MINDY1_S103_M1","PIPD_30m","PIPD","30m",-0.874734,0.000419204
"MINDY1_S103_M1","PIPD_2h","PIPD","2h",-1.21124,0.00536796
"MISP_S394_M1","PD_8h","PD","8h",0.682914,0.0396984
"MISP_S394_M1","PIPD_8h","PIPD","8h",1.03464,0.00667173
"MKI67_T1923_M1","PD_8h","PD","8h",0.835377,0.0379411
"MKI67_T1923_M1","PIPD_8h","PIPD","8h",1.04552,0.0473824
"MKNK2_S437_M1","PD_8h","PD","8h",1.49396,0.000239097
"MKNK2_S437_M1","PIPD_8h","PIPD","8h",1.52111,0.000210392
"MKRN2_S139_M1","PD_2h","PD","2h",-0.641846,0.0207645
"MKRN2_S139_M1","PIPD_2h","PIPD","2h",-1.10478,0.0171375
"MLXIP_S9_M1","PD_8h","PD","8h",0.926313,0.018802
"MLXIP_S9_M1","PIPD_8h","PIPD","8h",0.713725,0.0326866
"MORC2_S861_M1","PD_30m","PD","30m",0.824352,0.000799741
"MORC2_S861_M1","PIPD_30m","PIPD","30m",0.544245,0.0479836
"MPRIP_S362_M2","PD_2h","PD","2h",-1.97661,1.11e-06
"MPRIP_S362_M2","PIPD_2h","PIPD","2h",-1.03218,0.00132542
"MPRIP_S365_M2","PD_2h","PD","2h",-1.97661,1.11e-06
"MPRIP_S365_M2","PIPD_2h","PIPD","2h",-1.03218,0.00132542
"MRTFA_S385_M1","PD_30m","PD","30m",-0.359598,0.0404761
"MRTFA_S385_M1","PD_2h","PD","2h",-1.19778,0.000406648
"MRTFA_S385_M1","PD_8h","PD","8h",-1.42303,0.00265006
"MRTFA_S385_M1","PIPD_30m","PIPD","30m",-0.753981,0.0155158
"MRTFA_S385_M1","PIPD_2h","PIPD","2h",-1.33125,2.58e-05
"MRTFA_S385_M1","PIPD_8h","PIPD","8h",-0.966636,0.00832895
"MRTFB_S66_M1","PD_30m","PD","30m",-1.20656,6.17e-06
"MRTFB_S66_M1","PD_2h","PD","2h",-4.45473,6.73e-11
"MRTFB_S66_M1","PIPD_30m","PIPD","30m",-1.41516,2.87e-05
"MRTFB_S66_M1","PIPD_2h","PIPD","2h",-1.48957,0.00076337
"MTX3_S311_M1","PD_8h","PD","8h",-1.24945,0.00449759
"MTX3_S311_M1","PIPD_8h","PIPD","8h",-1.18536,0.0318854
"MYCBP2_S3505_M1","PD_30m","PD","30m",-0.499185,0.0302196
"MYCBP2_S3505_M1","PD_2h","PD","2h",-1.13729,0.000489485
"MYCBP2_S3505_M1","PIPD_30m","PIPD","30m",-0.67196,0.014568
"MYCBP2_S3505_M1","PIPD_2h","PIPD","2h",-0.965224,0.00315667
"MYO9B_S1430_M1","PD_8h","PD","8h",1.59379,0.000619973
"MYO9B_S1430_M1","PIPD_8h","PIPD","8h",0.785473,0.0298264
"N4BP1_T230_M1","PD_30m","PD","30m",1.69949,0.0127071
"N4BP1_T230_M1","PIPD_30m","PIPD","30m",1.19281,0.0460649
"NAP1L4_S7_M1","PD_8h","PD","8h",0.603806,0.00689888
"NAP1L4_S7_M1","PIPD_8h","PIPD","8h",0.484939,0.0442915
"NAV2_S1319_M1","PD_30m","PD","30m",0.605249,0.000901558
"NAV2_S1319_M1","PD_8h","PD","8h",0.766952,0.0100725
"NAV2_S1319_M1","PIPD_30m","PIPD","30m",0.902167,0.000104279
"NAV2_S1319_M1","PIPD_8h","PIPD","8h",0.620739,0.0346967
"NBR1_S596_M1","PD_30m","PD","30m",-0.702761,0.00312443
"NBR1_S596_M1","PIPD_30m","PIPD","30m",-1.463,3.02e-06
"NCAPH_S81_M1","PD_8h","PD","8h",1.53874,0.00818437
"NCAPH_S81_M1","PIPD_8h","PIPD","8h",1.32826,0.00916994
"NCAPH_T49_M1","PD_8h","PD","8h",1.27842,0.00399611
"NCAPH_T49_M1","PIPD_8h","PIPD","8h",1.0034,0.0175879
"NCBP1_S22_M1","PD_30m","PD","30m",-1.35102,0.000351717
"NCBP1_S22_M1","PD_2h","PD","2h",-2.50693,1.91e-05
"NCBP1_S22_M1","PD_8h","PD","8h",-1.73951,2.83e-05
"NCBP1_S22_M1","PIPD_30m","PIPD","30m",-1.66595,4.01e-05
"NCBP1_S22_M1","PIPD_2h","PIPD","2h",-2.44583,1.54e-06
"NCBP1_S22_M1","PIPD_8h","PIPD","8h",-1.43605,0.000172772
"NCBP1_T21_M1","PD_30m","PD","30m",-1.06087,0.000336269
"NCBP1_T21_M1","PD_2h","PD","2h",-2.19374,0.000274684
"NCBP1_T21_M1","PD_8h","PD","8h",-1.60342,5.07e-05
"NCBP1_T21_M1","PIPD_30m","PIPD","30m",-1.36628,0.00031761
"NCBP1_T21_M1","PIPD_2h","PIPD","2h",-2.00204,0.000275168
"NCBP1_T21_M1","PIPD_8h","PIPD","8h",-1.26061,0.00531122
"NCOA6_S1481_M1","PD_30m","PD","30m",-1.55621,8.63e-05
"NCOA6_S1481_M1","PD_2h","PD","2h",-2.23071,0.00041445
"NCOA6_S1481_M1","PIPD_30m","PIPD","30m",-0.989749,0.00236032
"NCOA6_S1481_M1","PIPD_2h","PIPD","2h",-1.92942,0.00466592
"NCOR1_S2337_M1","PD_30m","PD","30m",1.33557,0.0422482
"NCOR1_S2337_M1","PD_8h","PD","8h",1.14572,0.0108721
"NCOR1_S2337_M1","PIPD_30m","PIPD","30m",0.831854,0.0265223
"NCOR1_S2337_M1","PIPD_8h","PIPD","8h",1.04766,0.028555
"NCOR1_Y2190_M1","PD_30m","PD","30m",0.684366,0.00715595
"NCOR1_Y2190_M1","PIPD_30m","PIPD","30m",0.632658,0.0105862
"NCOR2_S152_M2","PD_8h","PD","8h",-1.16932,0.0203921
"NCOR2_S152_M2","PIPD_8h","PIPD","8h",-1.4537,0.0340362
"NDRG1_S378_M2","PD_30m","PD","30m",-0.56507,0.0114111
"NDRG1_S378_M2","PIPD_30m","PIPD","30m",-0.524592,0.034547
"NDRG1_T375_M2","PD_30m","PD","30m",-0.56507,0.0114111
"NDRG1_T375_M2","PIPD_30m","PIPD","30m",-0.524592,0.034547
"NFATC2_S236_M2","PD_8h","PD","8h",-1.2995,0.0282451
"NFATC2_S236_M2","PIPD_8h","PIPD","8h",-1.47713,0.0207238
"NFATC2_S243_M2","PD_8h","PD","8h",-1.3024,0.0306316
"NFATC2_S243_M2","PIPD_8h","PIPD","8h",-1.47837,0.0241628
"NFATC2_S757_M2","PD_8h","PD","8h",-0.572862,0.0190594
"NFATC2_S757_M2","PIPD_8h","PIPD","8h",-1.03737,0.000240186
"NFATC2_S759_M2","PD_8h","PD","8h",-0.572862,0.0190594
"NFATC2_S759_M2","PIPD_8h","PIPD","8h",-1.03737,0.000240186
"NFATC2_T216_M2","PD_8h","PD","8h",-1.30685,5.23e-05
"NFATC2_T216_M2","PIPD_8h","PIPD","8h",-1.83474,2.44e-05
"NFIA_S280_M1","PD_30m","PD","30m",-1.20658,0.00937667
"NFIA_S280_M1","PIPD_30m","PIPD","30m",-1.05993,0.0230248
"NFIX_S361_M1","PD_30m","PD","30m",0.842763,0.0185292
"NFIX_S361_M1","PIPD_30m","PIPD","30m",0.687124,0.00821903
"NHS_S571_M2","PD_8h","PD","8h",-1.07272,0.00646815
"NHS_S571_M2","PIPD_8h","PIPD","8h",-1.09731,0.000905293
"NIFK_T223_M1","PD_30m","PD","30m",1.86048,8.48e-06
"NIFK_T223_M1","PIPD_30m","PIPD","30m",1.00243,0.0337936
"NLK_T298_M1","PD_2h","PD","2h",-1.54285,0.0003333
"NLK_T298_M1","PIPD_2h","PIPD","2h",-1.87211,0.0265276
"NOPCHAP1_S123_M1","PD_8h","PD","8h",1.2158,0.00140261
"NOPCHAP1_S123_M1","PIPD_8h","PIPD","8h",0.912121,0.00829529
"NUFIP2_S376_M1","PD_8h","PD","8h",-0.751748,0.0444035
"NUFIP2_S376_M1","PIPD_8h","PIPD","8h",-0.938622,0.0171138
"NUMA1_S1792_M1","PD_8h","PD","8h",0.983261,0.000910234
"NUMA1_S1792_M1","PIPD_8h","PIPD","8h",1.01319,0.00312831
"NUP107_S11_M1","PD_8h","PD","8h",0.919833,0.0334055
"NUP107_S11_M1","PIPD_8h","PIPD","8h",1.23633,0.00483849
"NUP214_S430_M1","PD_2h","PD","2h",0.978329,0.017475
"NUP214_S430_M1","PD_8h","PD","8h",1.19849,0.000427846
"NUP214_S430_M1","PIPD_2h","PIPD","2h",1.22636,0.000580623
"NUP214_S430_M1","PIPD_8h","PIPD","8h",1.18598,0.00351045
"NUP35_T265_M2","PD_8h","PD","8h",-0.579306,0.00913512
"NUP35_T265_M2","PIPD_8h","PIPD","8h",-0.855944,0.00159186
"NUP50_S221_M1","PD_30m","PD","30m",-0.81867,0.0252055
"NUP50_S221_M1","PD_2h","PD","2h",-1.50831,3.86e-05
"NUP50_S221_M1","PIPD_30m","PIPD","30m",-1.17098,0.00887915
"NUP50_S221_M1","PIPD_2h","PIPD","2h",-1.86639,1.17e-05
"NUP98_S608_M2","PD_8h","PD","8h",-1.68911,0.00771701
"NUP98_S608_M2","PIPD_8h","PIPD","8h",-2.58774,0.000775624
"NUP98_S612_M2","PD_8h","PD","8h",-1.68911,0.00771701
"NUP98_S612_M2","PIPD_8h","PIPD","8h",-2.58774,0.000775624
"OCLN_S310_M1","PD_30m","PD","30m",1.46914,0.00245988
"OCLN_S310_M1","PD_8h","PD","8h",2.34061,1.15e-06
"OCLN_S310_M1","PIPD_30m","PIPD","30m",1.83321,4.51e-07
"OCLN_S310_M1","PIPD_8h","PIPD","8h",2.34812,1.46e-06
"OVOL2_S269_M1","PD_30m","PD","30m",0.567136,0.00895717
"OVOL2_S269_M1","PD_8h","PD","8h",1.12816,0.00219203
"OVOL2_S269_M1","PIPD_30m","PIPD","30m",0.452307,0.0278347
"OVOL2_S269_M1","PIPD_8h","PIPD","8h",1.07755,0.000540997
"OXR1_S201_M1","PD_30m","PD","30m",-0.873691,0.0188402
"OXR1_S201_M1","PIPD_30m","PIPD","30m",-0.767338,0.0415245
"PAK4_S291_M1","PD_30m","PD","30m",0.769778,0.00501243
"PAK4_S291_M1","PIPD_30m","PIPD","30m",0.50787,0.0139544
"PALLD_S893_M1","PD_30m","PD","30m",-1.86422,2.65e-06
"PALLD_S893_M1","PD_2h","PD","2h",-3.34914,2.43e-07
"PALLD_S893_M1","PD_8h","PD","8h",-2.39873,0.000119303
"PALLD_S893_M1","PIPD_30m","PIPD","30m",-1.99169,3.06e-06
"PALLD_S893_M1","PIPD_2h","PIPD","2h",-3.42332,2.79e-07
"PALLD_S893_M1","PIPD_8h","PIPD","8h",-2.61907,0.000132892
"PARD3B_S746_M1","PD_8h","PD","8h",0.938418,0.021381
"PARD3B_S746_M1","PIPD_8h","PIPD","8h",1.06942,0.00627177
"PCDH1_S977_M1","PD_8h","PD","8h",-4.54435,2.37e-09
"PCDH1_S977_M1","PIPD_8h","PIPD","8h",-4.65561,7.21e-08
"PCF11_S1520_M1","PD_8h","PD","8h",0.742256,0.0274071
"PCF11_S1520_M1","PIPD_8h","PIPD","8h",0.785599,0.00433876
"PDXDC1_S714_M1","PD_2h","PD","2h",-0.798545,0.0234561
"PDXDC1_S714_M1","PIPD_2h","PIPD","2h",-1.05322,0.0192039
"PEAK1_S495_M1","PD_30m","PD","30m",-1.951,0.000192049
"PEAK1_S495_M1","PIPD_30m","PIPD","30m",-1.96077,0.0113668
"PEBP1_S52_M1","PD_30m","PD","30m",0.502013,0.0247478
"PEBP1_S52_M1","PIPD_30m","PIPD","30m",0.543197,0.0424692
"PEX1_S1181_M1","PD_30m","PD","30m",-0.578218,0.00252131
"PEX1_S1181_M1","PIPD_30m","PIPD","30m",-0.520423,0.0150468
"PGAM1_Y26_M1","PD_30m","PD","30m",1.23488,0.0118082
"PGAM1_Y26_M1","PIPD_30m","PIPD","30m",1.7766,0.000742725
"PHF14_S835_M1","PD_30m","PD","30m",-0.505806,0.045638
"PHF14_S835_M1","PD_2h","PD","2h",-0.73327,0.00275807
"PHF14_S835_M1","PIPD_30m","PIPD","30m",-1.06979,0.00184808
"PHF14_S835_M1","PIPD_2h","PIPD","2h",-0.807559,0.0347086
"PHF2_S483_M1","PD_30m","PD","30m",0.800334,0.0305222
"PHF2_S483_M1","PIPD_30m","PIPD","30m",0.682094,0.0401403
"PHLDB2_S980_M1","PD_30m","PD","30m",0.542286,0.033889
"PHLDB2_S980_M1","PIPD_30m","PIPD","30m",0.670241,0.00606375
"PI4K2A_S44_M1","PD_8h","PD","8h",0.707159,0.0155996
"PI4K2A_S44_M1","PIPD_8h","PIPD","8h",1.19968,0.0137016
"PIK3C2A_S58_M1","PD_2h","PD","2h",0.604738,0.0032747
"PIK3C2A_S58_M1","PIPD_2h","PIPD","2h",0.569194,0.0478454
"PKN2_S302_M1","PD_30m","PD","30m",0.943645,0.00115334
"PKN2_S302_M1","PIPD_30m","PIPD","30m",0.632315,0.0440627
"PKP2_S82_M1","PD_30m","PD","30m",1.00448,0.000674278
"PKP2_S82_M1","PIPD_30m","PIPD","30m",0.723708,0.0254408
"PKP3_S314_M1","PD_8h","PD","8h",0.851812,0.000890035
"PKP3_S314_M1","PIPD_8h","PIPD","8h",0.711263,0.0418742
"PKP4_Y487_M1","PD_8h","PD","8h",-0.517065,0.0076354
"PKP4_Y487_M1","PIPD_8h","PIPD","8h",-0.560879,0.0118579
"PLEC_S4386_M2","PD_8h","PD","8h",-1.22204,0.00230351
"PLEC_S4386_M2","PIPD_8h","PIPD","8h",-0.89494,0.0338131
"PLEKHA3_S289_M1","PD_30m","PD","30m",-0.821634,0.00174121
"PLEKHA3_S289_M1","PD_2h","PD","2h",-1.62893,4.59e-05
"PLEKHA3_S289_M1","PD_8h","PD","8h",-1.78096,1.26e-05
"PLEKHA3_S289_M1","PIPD_30m","PIPD","30m",-0.949196,0.00114045
"PLEKHA3_S289_M1","PIPD_2h","PIPD","2h",-2.0543,0.000339401
"PLEKHA3_S289_M1","PIPD_8h","PIPD","8h",-1.47461,5.3e-06
"PLEKHA6_S591_M1","PD_2h","PD","2h",-2.67155,0.00594426
"PLEKHA6_S591_M1","PIPD_2h","PIPD","2h",-3.36806,0.00404887
"PLEKHG3_S1040_M1","PD_30m","PD","30m",1.40764,0.00556086
"PLEKHG3_S1040_M1","PD_2h","PD","2h",1.58067,0.00445363
"PLEKHG3_S1040_M1","PD_8h","PD","8h",1.04561,0.0120907
"PLEKHG3_S1040_M1","PIPD_30m","PIPD","30m",0.988456,0.0242992
"PLEKHG3_S1040_M1","PIPD_2h","PIPD","2h",1.31553,0.00203569
"PLEKHG3_S1040_M1","PIPD_8h","PIPD","8h",0.95851,0.0304088
"PLEKHG3_S962_M1","PD_8h","PD","8h",-6.13622,6.18e-11
"PLEKHG3_S962_M1","PIPD_8h","PIPD","8h",-0.617729,0.0230482
"POGZ_S1366_M3","PD_30m","PD","30m",1.84282,0.0158835
"POGZ_S1366_M3","PIPD_30m","PIPD","30m",1.91054,0.0189797
"POGZ_S1367_M3","PD_30m","PD","30m",1.84282,0.0158835
"POGZ_S1367_M3","PIPD_30m","PIPD","30m",1.91054,0.0189797
"POGZ_T1368_M3","PD_30m","PD","30m",1.84282,0.0158835
"POGZ_T1368_M3","PIPD_30m","PIPD","30m",1.91054,0.0189797
"POLDIP2_T292_M1","PD_30m","PD","30m",0.96246,5.03e-05
"POLDIP2_T292_M1","PIPD_30m","PIPD","30m",0.841907,0.00185276
"PPFIA3_S1164_M1","PD_30m","PD","30m",1.31158,0.00857688
"PPFIA3_S1164_M1","PD_8h","PD","8h",0.6598,0.0151617
"PPFIA3_S1164_M1","PIPD_30m","PIPD","30m",1.28308,0.0132643
"PPFIA3_S1164_M1","PIPD_8h","PIPD","8h",0.992096,0.00147949
"PPP1R12A_S445_M1","PD_8h","PD","8h",0.917851,0.00602729
"PPP1R12A_S445_M1","PIPD_8h","PIPD","8h",1.15351,0.0113333
"PPP1R12A_S507_M1","PD_30m","PD","30m",-2.08298,2.15e-06
"PPP1R12A_S507_M1","PD_2h","PD","2h",-1.90931,0.000952578
"PPP1R12A_S507_M1","PIPD_30m","PIPD","30m",-1.57659,3.28e-05
"PPP1R12A_S507_M1","PIPD_2h","PIPD","2h",-1.60903,0.000339401
"PPP1R35_S47_M1","PD_30m","PD","30m",0.780233,0.000778265
"PPP1R35_S47_M1","PIPD_30m","PIPD","30m",0.777264,0.00549455
"PRAG1_S827_M1","PD_8h","PD","8h",1.08022,0.01358
"PRAG1_S827_M1","PIPD_8h","PIPD","8h",1.33841,0.0246087
"PRKAR1B_S83_M1","PD_30m","PD","30m",0.564489,0.0243289
"PRKAR1B_S83_M1","PIPD_30m","PIPD","30m",0.73106,0.0144857
"PRKRA_S167_M1","PD_8h","PD","8h",0.690665,0.0346018
"PRKRA_S167_M1","PIPD_8h","PIPD","8h",0.806049,0.00787443
"PRKRA_S18_M1","PD_8h","PD","8h",0.980774,0.0105053
"PRKRA_S18_M1","PIPD_8h","PIPD","8h",1.12876,0.0056982
"PRPF38B_S12_M1","PD_30m","PD","30m",-0.879809,0.000867363
"PRPF38B_S12_M1","PD_8h","PD","8h",-0.952242,0.0100425
"PRPF38B_S12_M1","PIPD_30m","PIPD","30m",-0.791111,0.00457336
"PRPF38B_S12_M1","PIPD_8h","PIPD","8h",-1.3947,0.01617
"PRPSAP2_S219_M1","PD_30m","PD","30m",0.421095,0.0124128
"PRPSAP2_S219_M1","PIPD_30m","PIPD","30m",0.493106,0.00670118
"PRR12_S570_M2","PD_30m","PD","30m",-0.499626,0.0138546
"PRR12_S570_M2","PIPD_30m","PIPD","30m",-0.391905,0.0414892
"PRR12_S570_M3","PD_30m","PD","30m",-1.36258,0.00220144
"PRR12_S570_M3","PD_8h","PD","8h",-0.955607,0.00708335
"PRR12_S570_M3","PIPD_30m","PIPD","30m",-1.17686,0.0046723
"PRR12_S570_M3","PIPD_8h","PIPD","8h",-2.01291,0.0006043
"PRR12_S582_M3","PD_30m","PD","30m",-1.36258,0.00220144
"PRR12_S582_M3","PD_8h","PD","8h",-0.955607,0.00708335
"PRR12_S582_M3","PIPD_30m","PIPD","30m",-1.17686,0.0046723
"PRR12_S582_M3","PIPD_8h","PIPD","8h",-2.01291,0.0006043
"PRR12_T574_M3","PD_30m","PD","30m",-1.36258,0.00220144
"PRR12_T574_M3","PD_8h","PD","8h",-0.955607,0.00708335
"PRR12_T574_M3","PIPD_30m","PIPD","30m",-1.17686,0.0046723
"PRR12_T574_M3","PIPD_8h","PIPD","8h",-2.01291,0.0006043
"PRR12_T738_M1","PD_8h","PD","8h",0.95986,0.0250637
"PRR12_T738_M1","PIPD_8h","PIPD","8h",1.19284,0.00949029
"PRRC2A_S1106_M2","PD_8h","PD","8h",-1.40845,0.00128148
"PRRC2A_S1106_M2","PIPD_8h","PIPD","8h",-5.08216,1.23e-07
"PRRC2B_S226_M1","PD_30m","PD","30m",0.77796,0.00465359
"PRRC2B_S226_M1","PIPD_30m","PIPD","30m",0.539217,0.0387483
"PRRC2C_S1248_M2","PD_8h","PD","8h",0.580752,0.00506311
"PRRC2C_S1248_M2","PIPD_8h","PIPD","8h",0.53366,0.034308
"PRRC2C_S1249_M2","PD_2h","PD","2h",2.71268,4.73e-09
"PRRC2C_S1249_M2","PIPD_2h","PIPD","2h",2.33739,0.00304831
"PTPN14_S593_M2","PD_8h","PD","8h",-1.07355,0.0487389
"PTPN14_S593_M2","PIPD_8h","PIPD","8h",-1.40023,0.0327712
"PTPN14_S594_M2","PD_8h","PD","8h",-1.03828,0.0490587
"PTPN14_S594_M2","PIPD_8h","PIPD","8h",-1.32237,0.0350984
"PTPN3_S357_M2","PD_30m","PD","30m",-1.30533,0.000204958
"PTPN3_S357_M2","PD_2h","PD","2h",-1.61424,0.000318591
"PTPN3_S357_M2","PD_8h","PD","8h",-1.37624,0.000699903
"PTPN3_S357_M2","PIPD_30m","PIPD","30m",-0.771678,0.000188678
"PTPN3_S357_M2","PIPD_2h","PIPD","2h",-0.948833,0.0018218
"PTPN3_S357_M2","PIPD_8h","PIPD","8h",-1.21924,0.00903217
"PTPN3_S359_M2","PD_30m","PD","30m",-1.30533,0.000204958
"PTPN3_S359_M2","PD_2h","PD","2h",-1.61424,0.000318591
"PTPN3_S359_M2","PD_8h","PD","8h",-1.37624,0.000699903
"PTPN3_S359_M2","PIPD_30m","PIPD","30m",-0.771678,0.000188678
"PTPN3_S359_M2","PIPD_2h","PIPD","2h",-0.948833,0.0018218
"PTPN3_S359_M2","PIPD_8h","PIPD","8h",-1.21924,0.00903217
"PTPRU_S853_M1","PD_8h","PD","8h",0.661662,0.0360782
"PTPRU_S853_M1","PIPD_8h","PIPD","8h",0.898075,0.0100773
"PXN_S106_M1","PD_2h","PD","2h",-0.825908,0.0194901
"PXN_S106_M1","PIPD_2h","PIPD","2h",-0.877524,0.0277792
"PXN_S340_M1","PD_30m","PD","30m",0.619871,0.00218924
"PXN_S340_M1","PIPD_30m","PIPD","30m",0.510908,0.0384676
"RAB11FIP1_S500_M1","PD_30m","PD","30m",0.54373,0.0311959
"RAB11FIP1_S500_M1","PIPD_30m","PIPD","30m",0.520629,0.0438876
"RAB11FIP5_S176_M1","PD_30m","PD","30m",0.888643,0.000664504
"RAB11FIP5_S176_M1","PIPD_30m","PIPD","30m",0.506692,0.0231148
"RAB3GAP1_S537_M1","PD_2h","PD","2h",-7.17599,1.63e-12
"RAB3GAP1_S537_M1","PD_8h","PD","8h",-7.03368,4.46e-12
"RAB3GAP1_S537_M1","PIPD_2h","PIPD","2h",-7.12717,4.22e-12
"RAB3GAP1_S537_M1","PIPD_8h","PIPD","8h",-7.13373,3.58e-11
"RAB3GAP1_T542_M1","PD_30m","PD","30m",4.42524,2.87e-10
"RAB3GAP1_T542_M1","PIPD_30m","PIPD","30m",4.47506,3.06e-10
"RABEP1_S374_M2","PD_8h","PD","8h",-1.33317,0.0105032
"RABEP1_S374_M2","PIPD_8h","PIPD","8h",-1.0972,0.0158444
"RABEP1_S377_M2","PD_8h","PD","8h",-1.33317,0.0105032
"RABEP1_S377_M2","PIPD_8h","PIPD","8h",-1.0972,0.0158444
"RABEP2_T194_M2","PD_8h","PD","8h",4.24333,3.63e-08
"RABEP2_T194_M2","PIPD_8h","PIPD","8h",4.2944,5.21e-08
"RAD18_S103_M2","PD_30m","PD","30m",-0.820511,0.0151636
"RAD18_S103_M2","PD_8h","PD","8h",-1.25921,0.00273644
"RAD18_S103_M2","PIPD_30m","PIPD","30m",-0.823167,0.0257947
"RAD18_S103_M2","PIPD_8h","PIPD","8h",-0.723826,0.0422748
"RAD18_S99_M2","PD_30m","PD","30m",-0.820511,0.0151636
"RAD18_S99_M2","PD_8h","PD","8h",-1.25921,0.00273644
"RAD18_S99_M2","PIPD_30m","PIPD","30m",-0.823167,0.0257947
"RAD18_S99_M2","PIPD_8h","PIPD","8h",-0.723826,0.0422748
"RALGAPA2_S373_M1","PD_8h","PD","8h",0.705418,0.0428334
"RALGAPA2_S373_M1","PIPD_8h","PIPD","8h",0.961181,0.00636836
"RALGPS1_S342_M1","PD_8h","PD","8h",-1.19982,0.012576
"RALGPS1_S342_M1","PIPD_8h","PIPD","8h",-0.93265,0.0229784
"RANBP2_S3207_M1","PD_8h","PD","8h",1.10325,0.00835503
"RANBP2_S3207_M1","PIPD_8h","PIPD","8h",1.04994,0.0101122
"RANBP2_T1144_M1","PD_8h","PD","8h",1.58447,0.000227579
"RANBP2_T1144_M1","PIPD_8h","PIPD","8h",1.89884,2.2e-05
"RAPH1_S894_M1","PD_30m","PD","30m",0.82571,0.00182974
"RAPH1_S894_M1","PIPD_30m","PIPD","30m",0.886508,0.000473831
"RASAL2_S663_M1","PD_30m","PD","30m",-0.478161,0.0293756
"RASAL2_S663_M1","PIPD_30m","PIPD","30m",-0.648801,0.0130605
"RBBP6_S1277_M2","PD_8h","PD","8h",-0.75997,0.0422918
"RBBP6_S1277_M2","PIPD_8h","PIPD","8h",-0.970831,0.0414795
"RBM33_S765_M1","PD_8h","PD","8h",1.31549,0.0105689
"RBM33_S765_M1","PIPD_8h","PIPD","8h",1.47144,0.00937147
"RELCH_S167_M2","PD_2h","PD","2h",-1.5988,3.34e-05
"RELCH_S167_M2","PIPD_2h","PIPD","2h",-1.03942,0.000173827
"RELCH_T168_M2","PD_2h","PD","2h",-1.5988,3.34e-05
"RELCH_T168_M2","PIPD_2h","PIPD","2h",-1.03942,0.000173827
"REPS1_T539_M2","PD_8h","PD","8h",-1.11591,0.000123559
"REPS1_T539_M2","PIPD_8h","PIPD","8h",-1.39347,0.0114504
"RFX7_S1028_M2","PD_8h","PD","8h",-0.584183,0.0253828
"RFX7_S1028_M2","PIPD_8h","PIPD","8h",-0.873467,0.00531122
"RFX7_T1025_M2","PD_8h","PD","8h",-0.584183,0.0253828
"RFX7_T1025_M2","PIPD_8h","PIPD","8h",-0.873467,0.00531122
"RGL3_S555_M1","PD_2h","PD","2h",3.22326,1.86e-08
"RGL3_S555_M1","PD_8h","PD","8h",0.636476,0.0136086
"RGL3_S555_M1","PIPD_2h","PIPD","2h",3.08049,1.55e-08
"RGL3_S555_M1","PIPD_8h","PIPD","8h",0.629506,0.0158375
"RIF1_S1772_M1","PD_30m","PD","30m",0.839988,0.00940601
"RIF1_S1772_M1","PIPD_30m","PIPD","30m",0.871624,0.00895456
"RIOK1_S22_M1","PD_2h","PD","2h",0.464884,0.0129189
"RIOK1_S22_M1","PIPD_2h","PIPD","2h",0.445774,0.0287597
"RLF_S642_M1","PD_2h","PD","2h",-2.25152,8.96e-05
"RLF_S642_M1","PIPD_2h","PIPD","2h",-2.52995,0.0139741
"RNPEP_S7_M1","PD_8h","PD","8h",2.30658,0.000170224
"RNPEP_S7_M1","PIPD_8h","PIPD","8h",2.00414,0.0191207
"ROCK2_S1121_M1","PD_8h","PD","8h",1.00953,0.0044904
"ROCK2_S1121_M1","PIPD_8h","PIPD","8h",0.729151,0.024684
"RPGR_S518_M1","PD_30m","PD","30m",1.30048,2.27e-05
"RPGR_S518_M1","PIPD_30m","PIPD","30m",1.59857,3.8e-05
"RPRD2_S614_M1","PD_2h","PD","2h",-0.722006,0.0118543
"RPRD2_S614_M1","PIPD_2h","PIPD","2h",-1.01433,0.000871483
"RPS10_Y12_M1","PD_30m","PD","30m",1.60439,0.0170558
"RPS10_Y12_M1","PIPD_30m","PIPD","30m",1.40554,0.0460649
"RPS6_S235_M2","PD_30m","PD","30m",-1.00537,0.0439614
"RPS6_S235_M2","PD_2h","PD","2h",-0.690887,0.00944372
"RPS6_S235_M2","PD_8h","PD","8h",-1.5447,0.00557422
"RPS6_S235_M2","PIPD_30m","PIPD","30m",-2.08647,0.00592615
"RPS6_S235_M2","PIPD_2h","PIPD","2h",-1.05303,0.000182982
"RPS6_S235_M2","PIPD_8h","PIPD","8h",-0.747569,0.0473887
"RPS6KA3_S386_M1","PD_30m","PD","30m",-2.76882,2.19e-05
"RPS6KA3_S386_M1","PIPD_30m","PIPD","30m",-0.851428,0.0179449
"RPS6KA3_S715_M1","PD_2h","PD","2h",-1.21466,0.000166142
"RPS6KA3_S715_M1","PIPD_2h","PIPD","2h",-1.33453,0.000611443
"RTEL1_S779_M1","PD_2h","PD","2h",-0.500688,0.0264222
"RTEL1_S779_M1","PIPD_2h","PIPD","2h",-1.00429,0.00153892
"RTKN_S529_M1","PD_8h","PD","8h",1.29773,0.0152029
"RTKN_S529_M1","PIPD_8h","PIPD","8h",1.0916,0.0183827
"RUNDC1_S71_M1","PD_30m","PD","30m",0.839261,0.000450139
"RUNDC1_S71_M1","PIPD_30m","PIPD","30m",0.888733,0.000523022
"SAMD4B_S557_M1","PD_30m","PD","30m",1.05142,0.000151074
"SAMD4B_S557_M1","PIPD_30m","PIPD","30m",0.73621,0.0134493
"SCAF1_S548_M1","PD_30m","PD","30m",0.893897,0.0488971
"SCAF1_S548_M1","PD_8h","PD","8h",1.07459,0.0323166
"SCAF1_S548_M1","PIPD_30m","PIPD","30m",0.663852,0.023437
"SCAF1_S548_M1","PIPD_8h","PIPD","8h",1.01395,0.04055
"SCAMP3_S32_M1","PD_30m","PD","30m",1.22692,0.00552958
"SCAMP3_S32_M1","PIPD_30m","PIPD","30m",1.02515,0.00598802
"SCEL_T397_M1","PD_30m","PD","30m",0.794448,0.00336812
"SCEL_T397_M1","PIPD_30m","PIPD","30m",0.728085,0.000987806
"SEC16A_S1368_M2","PD_30m","PD","30m",-0.689082,0.0213152
"SEC16A_S1368_M2","PIPD_30m","PIPD","30m",-0.502875,0.0234203
"SEC16A_S1369_M2","PD_30m","PD","30m",-0.689082,0.0213152
"SEC16A_S1369_M2","PIPD_30m","PIPD","30m",-0.502875,0.0234203
"SEC16A_S1398_M1","PD_30m","PD","30m",0.965453,0.00776939
"SEC16A_S1398_M1","PIPD_30m","PIPD","30m",0.756756,0.0285909
"SEC16A_S201_M2","PD_8h","PD","8h",-1.72012,0.00177134
"SEC16A_S201_M2","PIPD_8h","PIPD","8h",-1.40731,0.00679876
"SEC16A_S203_M2","PD_8h","PD","8h",-1.72012,0.00177134
"SEC16A_S203_M2","PIPD_8h","PIPD","8h",-1.40731,0.00679876
"SEC16A_S595_M2","PD_30m","PD","30m",-0.913846,0.0114366
"SEC16A_S595_M2","PIPD_30m","PIPD","30m",-0.974724,0.000194647
"SEC61B_S14_M2","PD_8h","PD","8h",-0.853638,0.0178324
"SEC61B_S14_M2","PIPD_8h","PIPD","8h",-0.641076,0.0104324
"SENP7_S11_M1","PD_8h","PD","8h",0.852588,0.000957724
"SENP7_S11_M1","PIPD_8h","PIPD","8h",0.799997,0.0107137
"SETD5_S1198_M1","PD_8h","PD","8h",0.499693,0.00713075
"SETD5_S1198_M1","PIPD_8h","PIPD","8h",0.77867,0.0287023
"SGO1_S507_M1","PD_30m","PD","30m",-0.553611,0.0379635
"SGO1_S507_M1","PIPD_30m","PIPD","30m",-0.867983,0.0159757
"SHTN1_S534_M1","PD_8h","PD","8h",0.710299,0.025148
"SHTN1_S534_M1","PIPD_8h","PIPD","8h",0.540047,0.0201766
"SIPA1L1_S318_M1","PD_2h","PD","2h",0.788084,0.00437787
"SIPA1L1_S318_M1","PIPD_2h","PIPD","2h",0.643552,0.0214815
"SIRT1_S47_M1","PD_8h","PD","8h",0.661061,0.0235883
"SIRT1_S47_M1","PIPD_8h","PIPD","8h",0.731277,0.0234813
"SLC25A46_Y73_M1","PD_8h","PD","8h",-0.844689,0.00395326
"SLC25A46_Y73_M1","PIPD_8h","PIPD","8h",-0.70153,0.0230645
"SLC26A6_S752_M1","PD_8h","PD","8h",6.93694,1.5e-10
"SLC26A6_S752_M1","PIPD_8h","PIPD","8h",7.09781,1.93e-11
"SLC2A3_S236_M1","PD_30m","PD","30m",3.73468,4.24e-09
"SLC2A3_S236_M1","PIPD_30m","PIPD","30m",3.80882,1.65e-10
"SLC2A3_T232_M1","PD_30m","PD","30m",1.02722,0.00927106
"SLC2A3_T232_M1","PIPD_30m","PIPD","30m",1.193,0.0315521
"SLC9A1_S703_M1","PD_30m","PD","30m",-0.6836,0.00868951
"SLC9A1_S703_M1","PD_2h","PD","2h",-1.23251,2.34e-05
"SLC9A1_S703_M1","PIPD_30m","PIPD","30m",-1.42334,7.12e-05
"SLC9A1_S703_M1","PIPD_2h","PIPD","2h",-1.75261,1.79e-05
"SLC9A1_S785_M1","PD_8h","PD","8h",0.51288,0.0462749
"SLC9A1_S785_M1","PIPD_8h","PIPD","8h",0.605136,0.0267548
"SLX4_S1679_M2","PD_8h","PD","8h",-0.671494,0.00507123
"SLX4_S1679_M2","PIPD_8h","PIPD","8h",-0.373085,0.0490949
"SLX4_T1676_M2","PD_8h","PD","8h",-0.68751,0.00559293
"SLX4_T1676_M2","PIPD_8h","PIPD","8h",-0.516297,0.012484
"SMARCA4_T609_M2","PD_8h","PD","8h",-1.32811,0.00240582
"SMARCA4_T609_M2","PIPD_8h","PIPD","8h",-1.06967,0.000357117
"SNAPC4_S599_M1","PD_30m","PD","30m",1.13188,0.0118447
"SNAPC4_S599_M1","PIPD_30m","PIPD","30m",1.15701,0.0145563
"SNTB1_S225_M1","PD_30m","PD","30m",-2.46368,1.5e-08
"SNTB1_S225_M1","PD_2h","PD","2h",-6.76344,4.97e-11
"SNTB1_S225_M1","PD_8h","PD","8h",-1.70151,3.14e-05
"SNTB1_S225_M1","PIPD_30m","PIPD","30m",-6.3321,9.85e-12
"SNTB1_S225_M1","PIPD_2h","PIPD","2h",-6.70574,4.81e-11
"SNTB1_S225_M1","PIPD_8h","PIPD","8h",-1.83345,4.26e-05
"SNTB2_S110_M1","PD_8h","PD","8h",0.849502,0.0103182
"SNTB2_S110_M1","PIPD_8h","PIPD","8h",0.976465,0.0055173
"SNTB2_S222_M1","PD_30m","PD","30m",-0.682537,0.0028944
"SNTB2_S222_M1","PD_2h","PD","2h",-0.971402,0.0218262
"SNTB2_S222_M1","PD_8h","PD","8h",-0.948225,0.000232962
"SNTB2_S222_M1","PIPD_30m","PIPD","30m",-0.99948,0.00252647
"SNTB2_S222_M1","PIPD_2h","PIPD","2h",-1.04527,0.00380499
"SNTB2_S222_M1","PIPD_8h","PIPD","8h",-0.766978,0.00225122
"SORBS3_S606_M1","PD_2h","PD","2h",-0.770665,0.00667628
"SORBS3_S606_M1","PIPD_2h","PIPD","2h",-1.07665,0.000999704
"SOS1_S1205_M2","PD_30m","PD","30m",-4.71703,4.04e-09
"SOS1_S1205_M2","PD_2h","PD","2h",-4.4798,6.17e-10
"SOS1_S1205_M2","PD_8h","PD","8h",-3.43057,5.89e-05
"SOS1_S1205_M2","PIPD_30m","PIPD","30m",-5.04961,3.74e-08
"SOS1_S1205_M2","PIPD_2h","PIPD","2h",-4.41868,1.32e-09
"SOS1_S1205_M2","PIPD_8h","PIPD","8h",-1.34856,0.00638662
"SOS1_S1210_M2","PD_30m","PD","30m",-4.71703,4.04e-09
"SOS1_S1210_M2","PD_2h","PD","2h",-4.4798,6.17e-10
"SOS1_S1210_M2","PD_8h","PD","8h",-3.43057,5.89e-05
"SOS1_S1210_M2","PIPD_30m","PIPD","30m",-5.04961,3.74e-08
"SOS1_S1210_M2","PIPD_2h","PIPD","2h",-4.41868,1.32e-09
"SOS1_S1210_M2","PIPD_8h","PIPD","8h",-1.34856,0.00638662
"SOX13_S338_M1","PD_8h","PD","8h",0.919608,0.00765914
"SOX13_S338_M1","PIPD_8h","PIPD","8h",0.932568,0.037399
"SP1_S59_M1","PD_8h","PD","8h",0.870392,0.0191353
"SP1_S59_M1","PIPD_8h","PIPD","8h",0.682747,0.0357277
"SP100_S451_M1","PD_2h","PD","2h",2.80739,2.38e-07
"SP100_S451_M1","PD_8h","PD","8h",6.13729,2.34e-11
"SP100_S451_M1","PIPD_2h","PIPD","2h",2.83151,8.85e-09
"SP100_S451_M1","PIPD_8h","PIPD","8h",5.67925,6.62e-10
"SP3_S73_M1","PD_30m","PD","30m",0.650995,0.00348368
"SP3_S73_M1","PD_8h","PD","8h",0.879211,0.0076242
"SP3_S73_M1","PIPD_30m","PIPD","30m",0.482213,0.0205174
"SP3_S73_M1","PIPD_8h","PIPD","8h",0.914558,0.00233059
"SPAG9_T595_M1","PD_30m","PD","30m",0.965898,0.00201623
"SPAG9_T595_M1","PIPD_30m","PIPD","30m",0.750299,0.00482621
"SPECC1L_S868_M1","PD_30m","PD","30m",-0.814096,0.0283908
"SPECC1L_S868_M1","PD_2h","PD","2h",-1.11615,0.00435592
"SPECC1L_S868_M1","PIPD_30m","PIPD","30m",-0.88435,0.00223915
"SPECC1L_S868_M1","PIPD_2h","PIPD","2h",-2.58983,1.19e-05
"SPINDOC_S81_M1","PD_8h","PD","8h",1.04214,0.00290492
"SPINDOC_S81_M1","PIPD_8h","PIPD","8h",0.540442,0.0265389
"SPINT2_S119_M1","PD_2h","PD","2h",2.37232,9.51e-09
"SPINT2_S119_M1","PIPD_2h","PIPD","2h",3.33399,4.22e-08
"SRC_S75_M1","PD_8h","PD","8h",0.570911,0.0372253
"SRC_S75_M1","PIPD_8h","PIPD","8h",0.481812,0.012815
"SRRM1_S234_M1","PD_30m","PD","30m",0.637514,0.00874688
"SRRM1_S234_M1","PIPD_30m","PIPD","30m",0.457057,0.0106446
"SRRM1_S773_M3","PD_8h","PD","8h",-5.76461,0.00708335
"SRRM1_S773_M3","PIPD_8h","PIPD","8h",-10.614,2.91e-06
"SRRM2_S1014_M2","PD_8h","PD","8h",-0.675042,0.0278339
"SRRM2_S1014_M2","PIPD_8h","PIPD","8h",-0.908841,0.00114136
"SRRM2_S1497_M3","PD_8h","PD","8h",-2.33963,0.000987951
"SRRM2_S1497_M3","PIPD_8h","PIPD","8h",-2.02826,0.000113704
"SRRM2_S1499_M3","PD_8h","PD","8h",-2.33963,0.000987951
"SRRM2_S1499_M3","PIPD_8h","PIPD","8h",-2.02826,0.000113704
"SRRM2_S1501_M3","PD_8h","PD","8h",-1.46635,0.0119734
"SRRM2_S1501_M3","PIPD_8h","PIPD","8h",-2.27676,0.00107386
"SRRM2_S1854_M1","PD_30m","PD","30m",0.401538,0.0148286
"SRRM2_S1854_M1","PIPD_30m","PIPD","30m",0.969414,0.00312525
"SRRM2_S2121_M2","PD_8h","PD","8h",-1.15014,0.0403002
"SRRM2_S2121_M2","PIPD_8h","PIPD","8h",-1.47951,0.0280285
"SRRM2_S2123_M2","PD_8h","PD","8h",-1.16726,0.0356757
"SRRM2_S2123_M2","PIPD_8h","PIPD","8h",-1.50124,0.0276413
"SRRM2_T1531_M1","PD_8h","PD","8h",1.4735,0.000890035
"SRRM2_T1531_M1","PIPD_8h","PIPD","8h",0.951277,0.0192376
"SRRT_S67_M1","PD_8h","PD","8h",0.940905,0.00604586
"SRRT_S67_M1","PIPD_8h","PIPD","8h",1.26018,0.00194408
"STEAP3_S17_M1","PD_30m","PD","30m",0.465699,0.0315098
"STEAP3_S17_M1","PIPD_30m","PIPD","30m",0.438583,0.0393589
"STIM1_S519_M1","PD_30m","PD","30m",0.466647,0.0186898
"STIM1_S519_M1","PIPD_30m","PIPD","30m",0.720897,0.0218732
"STIM1_S575_M1","PD_8h","PD","8h",0.756524,0.0223374
"STIM1_S575_M1","PIPD_8h","PIPD","8h",1.25809,0.0306513
"STK10_T952_M1","PD_30m","PD","30m",-0.569474,0.0147237
"STK10_T952_M1","PD_2h","PD","2h",-0.938764,0.00312378
"STK10_T952_M1","PIPD_30m","PIPD","30m",-0.790271,0.00110459
"STK10_T952_M1","PIPD_2h","PIPD","2h",-0.938547,0.00598687
"SVIL_S968_M1","PD_30m","PD","30m",0.423597,0.0241019
"SVIL_S968_M1","PIPD_30m","PIPD","30m",0.601,0.00550881
"SYNPO_S819_M1","PD_30m","PD","30m",2.22436,0.000368017
"SYNPO_S819_M1","PIPD_30m","PIPD","30m",1.58719,0.0172329
"SYNPO_Y588_M1","PD_2h","PD","2h",-1.57756,0.000137784
"SYNPO_Y588_M1","PD_8h","PD","8h",-0.928944,0.000389102
"SYNPO_Y588_M1","PIPD_2h","PIPD","2h",-1.18827,0.0052817
"SYNPO_Y588_M1","PIPD_8h","PIPD","8h",-0.674053,0.0207512
"TACC1_S316_M1","PD_30m","PD","30m",-3.26075,1e-06
"TACC1_S316_M1","PIPD_30m","PIPD","30m",-0.813852,0.023465
"TACC2_S2359_M1","PD_30m","PD","30m",-1.35636,8.48e-06
"TACC2_S2359_M1","PD_8h","PD","8h",-0.759958,0.0219521
"TACC2_S2359_M1","PIPD_30m","PIPD","30m",-1.29125,6.09e-05
"TACC2_S2359_M1","PIPD_8h","PIPD","8h",-1.54212,0.00440867
"TACC2_S2557_M1","PD_30m","PD","30m",0.736417,0.00744155
"TACC2_S2557_M1","PIPD_30m","PIPD","30m",0.636069,0.00279353
"TACC2_S575_M1","PD_30m","PD","30m",-0.303721,0.0336288
"TACC2_S575_M1","PIPD_30m","PIPD","30m",-0.484213,0.0120918
"TAF1_T1680_M1","PD_30m","PD","30m",0.699282,0.00390756
"TAF1_T1680_M1","PIPD_30m","PIPD","30m",0.500269,0.0284478
"TAOK1_S965_M1","PD_30m","PD","30m",1.12286,7.7e-05
"TAOK1_S965_M1","PIPD_30m","PIPD","30m",1.4577,2.04e-05
"TASOR_S978_M2","PD_8h","PD","8h",-0.614502,0.0353366
"TASOR_S978_M2","PIPD_8h","PIPD","8h",-1.65648,0.00209273
"TASOR_S979_M1","PD_8h","PD","8h",0.685352,0.00531099
"TASOR_S979_M1","PIPD_8h","PIPD","8h",0.573426,0.0116175
"TBC1D10B_S687_M2","PD_30m","PD","30m",-0.934589,0.00983174
"TBC1D10B_S687_M2","PD_2h","PD","2h",-1.36581,0.00108548
"TBC1D10B_S687_M2","PD_8h","PD","8h",-1.27641,0.010987
"TBC1D10B_S687_M2","PIPD_30m","PIPD","30m",-1.16581,0.0339511
"TBC1D10B_S687_M2","PIPD_2h","PIPD","2h",-0.960358,0.0104303
"TBC1D10B_S687_M2","PIPD_8h","PIPD","8h",-0.506816,0.0217485
"TBC1D10B_T148_M1","PD_8h","PD","8h",0.982078,0.038738
"TBC1D10B_T148_M1","PIPD_8h","PIPD","8h",1.03735,0.0387455
"TBC1D4_T568_M1","PD_30m","PD","30m",0.373887,0.0451146
"TBC1D4_T568_M1","PIPD_30m","PIPD","30m",0.392934,0.0437654
"TBL1XR1_S119_M1","PD_30m","PD","30m",0.335937,0.0291022
"TBL1XR1_S119_M1","PIPD_30m","PIPD","30m",0.27886,0.0421355
"TENM3_T120_M1","PD_30m","PD","30m",0.92893,0.0150572
"TENM3_T120_M1","PIPD_30m","PIPD","30m",0.896479,0.0257719
"TET2_S75_M1","PD_8h","PD","8h",0.73781,0.0373505
"TET2_S75_M1","PIPD_8h","PIPD","8h",0.762062,0.00308043
"THRAP3_S320_M1","PD_8h","PD","8h",0.631208,0.00510317
"THRAP3_S320_M1","PIPD_8h","PIPD","8h",0.570895,0.0198888
"THRAP3_T874_M1","PD_2h","PD","2h",3.89731,8.8e-09
"THRAP3_T874_M1","PIPD_2h","PIPD","2h",3.27533,5.54e-08
"TICRR_Y111_M1","PD_30m","PD","30m",1.81287,8.77e-07
"TICRR_Y111_M1","PIPD_30m","PIPD","30m",0.875509,0.00348853
"TJP2_S150_M1","PD_30m","PD","30m",0.399951,0.0152762
"TJP2_S150_M1","PIPD_30m","PIPD","30m",0.589429,0.00920537
"TJP3_S319_M1","PD_8h","PD","8h",0.457501,0.0255156
"TJP3_S319_M1","PIPD_8h","PIPD","8h",0.583588,0.0167569
"TLN1_S1225_M1","PD_8h","PD","8h",-1.6306,0.000604842
"TLN1_S1225_M1","PIPD_8h","PIPD","8h",-1.61761,0.0188306
"TMBIM1_S83_M1","PD_8h","PD","8h",0.574508,0.0275562
"TMBIM1_S83_M1","PIPD_8h","PIPD","8h",0.946222,0.0179372
"TMCC1_S382_M2","PD_8h","PD","8h",-1.32807,0.00249857
"TMCC1_S382_M2","PIPD_8h","PIPD","8h",-1.54236,0.00481713
"TMCC1_S392_M2","PD_8h","PD","8h",-1.32807,0.00249857
"TMCC1_S392_M2","PIPD_8h","PIPD","8h",-1.54236,0.00481713
"TMEM87B_S534_M1","PD_30m","PD","30m",-0.451298,0.0477014
"TMEM87B_S534_M1","PIPD_30m","PIPD","30m",-4.24374,1.13e-08
"TMEM9_S137_M1","PD_8h","PD","8h",0.895752,0.027512
"TMEM9_S137_M1","PIPD_8h","PIPD","8h",1.12915,0.0315915
"TMPO_S351_M1","PD_8h","PD","8h",0.596441,0.0136086
"TMPO_S351_M1","PIPD_8h","PIPD","8h",0.740407,0.0121982
"TMSB10_S12_M1","PD_8h","PD","8h",0.418104,0.0335535
"TMSB10_S12_M1","PIPD_8h","PIPD","8h",0.588995,0.0141346
"TNFRSF21_S541_M1","PD_30m","PD","30m",-0.851521,0.000248083
"TNFRSF21_S541_M1","PD_2h","PD","2h",-1.77383,0.00135788
"TNFRSF21_S541_M1","PD_8h","PD","8h",-4.38687,2.13e-08
"TNFRSF21_S541_M1","PIPD_30m","PIPD","30m",-1.80383,1.45e-05
"TNFRSF21_S541_M1","PIPD_2h","PIPD","2h",-2.45362,3.56e-05
"TNFRSF21_S541_M1","PIPD_8h","PIPD","8h",-1.37748,0.00202558
"TNKS1BP1_S221_M1","PD_8h","PD","8h",0.508539,0.0285719
"TNKS1BP1_S221_M1","PIPD_8h","PIPD","8h",0.715714,0.0358226
"TNS3_S901_M1","PD_8h","PD","8h",1.43461,0.00600868
"TNS3_S901_M1","PIPD_8h","PIPD","8h",1.39964,0.0285648
"TOP2B_S1452_M1","PD_2h","PD","2h",2.47395,2.87e-08
"TOP2B_S1452_M1","PIPD_2h","PIPD","2h",0.966871,0.00817394
"TOP2B_S1550_M1","PD_2h","PD","2h",-1.50109,0.0118066
"TOP2B_S1550_M1","PIPD_2h","PIPD","2h",-1.46226,0.027463
"TP53BP1_S366_M1","PD_30m","PD","30m",-0.722761,0.00183211
"TP53BP1_S366_M1","PD_2h","PD","2h",-0.95238,0.00228745
"TP53BP1_S366_M1","PIPD_30m","PIPD","30m",-1.00066,0.00161846
"TP53BP1_S366_M1","PIPD_2h","PIPD","2h",-1.14492,0.0123934
"TP53BP1_S784_M1","PD_30m","PD","30m",-0.596234,0.00204123
"TP53BP1_S784_M1","PIPD_30m","PIPD","30m",-6.77815,4.1e-12
"TPPP_S18_M2","PD_30m","PD","30m",-0.760468,0.00599033
"TPPP_S18_M2","PIPD_30m","PIPD","30m",-0.975969,0.0239125
"TPPP_T14_M2","PD_30m","PD","30m",-0.760468,0.00599033
"TPPP_T14_M2","PIPD_30m","PIPD","30m",-0.975969,0.0239125
"TPR_S2034_M2","PD_8h","PD","8h",-1.29653,0.000622476
"TPR_S2034_M2","PIPD_8h","PIPD","8h",-3.67454,2.8e-07
"TPR_S2037_M2","PD_8h","PD","8h",-1.29653,0.000622476
"TPR_S2037_M2","PIPD_8h","PIPD","8h",-3.67454,2.8e-07
"TPR_T2116_M1","PD_30m","PD","30m",-1.73445,0.00349988
"TPR_T2116_M1","PIPD_30m","PIPD","30m",-1.8638,4.23e-05
"TRIM24_S654_M1","PD_8h","PD","8h",1.17053,0.0406889
"TRIM24_S654_M1","PIPD_8h","PIPD","8h",1.18194,0.0124474
"TRIM28_S19_M1","PD_8h","PD","8h",0.528137,0.0180818
"TRIM28_S19_M1","PIPD_8h","PIPD","8h",0.478604,0.0377153
"TRIM28_T541_M1","PD_8h","PD","8h",1.01236,0.0270714
"TRIM28_T541_M1","PIPD_8h","PIPD","8h",1.54844,0.0314596
"TSC22D4_S279_M1","PD_30m","PD","30m",-2.40808,3.89e-05
"TSC22D4_S279_M1","PD_2h","PD","2h",-3.67833,1.46e-07
"TSC22D4_S279_M1","PD_8h","PD","8h",-2.24601,0.000255624
"TSC22D4_S279_M1","PIPD_30m","PIPD","30m",-2.57754,0.000520041
"TSC22D4_S279_M1","PIPD_2h","PIPD","2h",-3.75076,1.79e-05
"TSC22D4_S279_M1","PIPD_8h","PIPD","8h",-1.35671,0.00122323
"U2SURP_S67_M1","PD_30m","PD","30m",0.89443,0.016663
"U2SURP_S67_M1","PD_8h","PD","8h",0.607626,0.0480226
"U2SURP_S67_M1","PIPD_30m","PIPD","30m",0.682412,0.0229218
"U2SURP_S67_M1","PIPD_8h","PIPD","8h",0.958577,0.0124758
"UBE2M_S50_M1","PD_30m","PD","30m",1.75834,1.68e-06
"UBE2M_S50_M1","PIPD_30m","PIPD","30m",1.76866,6.65e-06
"UBE2V1_S146_M1","PD_30m","PD","30m",-0.461379,0.00971581
"UBE2V1_S146_M1","PIPD_30m","PIPD","30m",-0.419932,0.0378393
"UBR4_S362_M1","PD_30m","PD","30m",-0.890066,0.000715367
"UBR4_S362_M1","PD_2h","PD","2h",-2.15749,1.32e-05
"UBR4_S362_M1","PD_8h","PD","8h",-2.70884,1.51e-06
"UBR4_S362_M1","PIPD_30m","PIPD","30m",-1.22203,4.57e-05
"UBR4_S362_M1","PIPD_2h","PIPD","2h",-2.49538,6.24e-06
"UBR4_S362_M1","PIPD_8h","PIPD","8h",-2.37595,4.8e-05
"UBR4_T2884_M1","PD_8h","PD","8h",-6.30048,1.12e-11
"UBR4_T2884_M1","PIPD_8h","PIPD","8h",-6.37002,4.07e-11
"UCHL3_S130_M1","PD_30m","PD","30m",0.510899,0.0173982
"UCHL3_S130_M1","PIPD_30m","PIPD","30m",0.675949,0.00530852
"UFD1_S245_M2","PD_8h","PD","8h",0.600322,0.0108588
"UFD1_S245_M2","PIPD_8h","PIPD","8h",0.872329,0.00119065
"UFD1_S247_M2","PD_8h","PD","8h",0.600322,0.0108588
"UFD1_S247_M2","PIPD_8h","PIPD","8h",0.872329,0.00119065
"USP10_S365_M1","PD_30m","PD","30m",0.90511,0.0132111
"USP10_S365_M1","PIPD_30m","PIPD","30m",0.757408,0.049101
"USP24_S1285_M1","PD_8h","PD","8h",0.795785,0.00944046
"USP24_S1285_M1","PIPD_8h","PIPD","8h",0.855035,0.0089112
"USP24_S88_M1","PD_2h","PD","2h",-5.38945,1.01e-10
"USP24_S88_M1","PD_8h","PD","8h",-1.32331,1.31e-05
"USP24_S88_M1","PIPD_2h","PIPD","2h",-5.33214,1.86e-10
"USP24_S88_M1","PIPD_8h","PIPD","8h",-5.3559,1.36e-10
"USP43_S1065_M1","PD_2h","PD","2h",0.688048,0.0155493
"USP43_S1065_M1","PIPD_2h","PIPD","2h",0.664829,0.0437281
"UTRN_S1157_M1","PD_30m","PD","30m",0.883631,0.0255709
"UTRN_S1157_M1","PIPD_30m","PIPD","30m",0.807921,0.0422595
"VPS54_S8_M1","PD_30m","PD","30m",-1.8883,1.4e-07
"VPS54_S8_M1","PD_2h","PD","2h",-1.34073,0.015028
"VPS54_S8_M1","PIPD_30m","PIPD","30m",-0.967383,0.00606734
"VPS54_S8_M1","PIPD_2h","PIPD","2h",-1.77487,0.0143319
"WASHC2A_S352_M1","PD_30m","PD","30m",-0.439924,0.00853454
"WASHC2A_S352_M1","PIPD_30m","PIPD","30m",-0.768132,0.000648135
"WDR33_S1210_M1","PD_30m","PD","30m",1.06023,0.00644431
"WDR33_S1210_M1","PD_8h","PD","8h",0.70421,0.0458062
"WDR33_S1210_M1","PIPD_30m","PIPD","30m",0.753527,0.0395255
"WDR33_S1210_M1","PIPD_8h","PIPD","8h",0.87953,0.027849
"WIZ_S1127_M1","PD_2h","PD","2h",-0.748517,0.0355116
"WIZ_S1127_M1","PIPD_2h","PIPD","2h",-1.77461,0.00117413
"WRAP53_S90_M1","PD_30m","PD","30m",0.539641,0.00478536
"WRAP53_S90_M1","PIPD_30m","PIPD","30m",0.340531,0.018187
"XPO1_S395_M1","PD_30m","PD","30m",1.12484,0.049654
"XPO1_S395_M1","PIPD_30m","PIPD","30m",1.39827,0.0306963
"XRCC6_S2_M1","PD_8h","PD","8h",1.30707,0.000178508
"XRCC6_S2_M1","PIPD_8h","PIPD","8h",1.68635,5.07e-05
"YAP1_S127_M1","PD_30m","PD","30m",0.897177,0.0103712
"YAP1_S127_M1","PIPD_30m","PIPD","30m",0.754966,0.000699602
"YBX1_S102_M1","PD_30m","PD","30m",-0.750855,0.00269677
"YBX1_S102_M1","PD_2h","PD","2h",-6.01685,2.1e-09
"YBX1_S102_M1","PD_8h","PD","8h",-6.1483,2.65e-10
"YBX1_S102_M1","PIPD_30m","PIPD","30m",-0.877109,0.0130844
"YBX1_S102_M1","PIPD_2h","PIPD","2h",-5.95573,4.39e-09
"YBX1_S102_M1","PIPD_8h","PIPD","8h",-6.24643,6.93e-10
"YTHDC2_S1202_M1","PD_30m","PD","30m",-0.753813,0.00374836
"YTHDC2_S1202_M1","PD_2h","PD","2h",-1.12151,0.00157143
"YTHDC2_S1202_M1","PD_8h","PD","8h",-0.521547,0.0170852
"YTHDC2_S1202_M1","PIPD_30m","PIPD","30m",-0.987829,0.000998958
"YTHDC2_S1202_M1","PIPD_2h","PIPD","2h",-0.990101,0.00476489
"YTHDC2_S1202_M1","PIPD_8h","PIPD","8h",-0.618071,0.0106241
"ZC3H11A_S295_M1","PD_8h","PD","8h",-0.60153,0.00857072
"ZC3H11A_S295_M1","PIPD_8h","PIPD","8h",-0.55265,0.0250277
"ZC3H13_S325_M3","PD_8h","PD","8h",-1.41507,0.0289138
"ZC3H13_S325_M3","PIPD_8h","PIPD","8h",-4.95538,6.31e-07
"ZC3H13_S986_M2","PD_8h","PD","8h",-0.333682,0.0467716
"ZC3H13_S986_M2","PIPD_8h","PIPD","8h",-0.596864,0.022509
"ZC3H13_S993_M1","PD_30m","PD","30m",0.548936,0.0288191
"ZC3H13_S993_M1","PIPD_30m","PIPD","30m",0.466645,0.0284001
"ZC3HAV1_S284_M1","PD_8h","PD","8h",0.778672,0.00113157
"ZC3HAV1_S284_M1","PIPD_8h","PIPD","8h",0.551989,0.0481119
"ZC3HC1_S338_M2","PD_8h","PD","8h",-0.676681,0.0480838
"ZC3HC1_S338_M2","PIPD_8h","PIPD","8h",-1.56839,0.00847178
"ZFP36_T92_M1","PD_2h","PD","2h",-0.78275,0.00394384
"ZFP36_T92_M1","PIPD_2h","PIPD","2h",-1.04768,0.000361332
"ZFP62_T102_M1","PD_8h","PD","8h",1.45757,0.00212914
"ZFP62_T102_M1","PIPD_8h","PIPD","8h",0.956252,0.0131632
"ZFYVE16_S946_M1","PD_30m","PD","30m",-0.83428,0.00677696
"ZFYVE16_S946_M1","PD_2h","PD","2h",-1.11876,2.83e-05
"ZFYVE16_S946_M1","PIPD_30m","PIPD","30m",-1.10538,0.000110498
"ZFYVE16_S946_M1","PIPD_2h","PIPD","2h",-1.56572,2.73e-05
"ZFYVE19_S354_M1","PD_30m","PD","30m",1.8232,3.02e-05
"ZFYVE19_S354_M1","PIPD_30m","PIPD","30m",0.834793,0.0140619
"ZMYM3_S214_M1","PD_8h","PD","8h",0.83141,0.0114534
"ZMYM3_S214_M1","PIPD_8h","PIPD","8h",1.02656,0.00819403
"ZNF106_S452_M1","PD_30m","PD","30m",-1.21847,0.004146
"ZNF106_S452_M1","PD_2h","PD","2h",-1.70396,0.013098
"ZNF106_S452_M1","PIPD_30m","PIPD","30m",-0.98351,0.00154057
"ZNF106_S452_M1","PIPD_2h","PIPD","2h",-1.52488,0.0049616
"ZNF148_S306_M1","PD_8h","PD","8h",0.518819,0.0337931
"ZNF148_S306_M1","PIPD_8h","PIPD","8h",0.603077,0.0170552
"ZNF417_S166_M1","PD_8h","PD","8h",-1.50961,0.0346018
"ZNF417_S166_M1","PIPD_8h","PIPD","8h",-1.54775,0.00653014
"ZNF526_S187_M1","PD_30m","PD","30m",0.779514,0.000835589
"ZNF526_S187_M1","PIPD_30m","PIPD","30m",0.961131,0.00404721
"ZNF608_S964_M1","PD_8h","PD","8h",0.831016,0.0271792
"ZNF608_S964_M1","PIPD_8h","PIPD","8h",1.10421,0.00772595
"ZNF609_S413_M1","PD_30m","PD","30m",-1.36653,0.0133817
"ZNF609_S413_M1","PD_2h","PD","2h",-1.21431,0.0140957
"ZNF609_S413_M1","PIPD_30m","PIPD","30m",-1.39383,0.0181533
"ZNF609_S413_M1","PIPD_2h","PIPD","2h",-1.8669,0.00188347
"ZNF655_S12_M1","PD_8h","PD","8h",0.351758,0.0327796
"ZNF655_S12_M1","PIPD_8h","PIPD","8h",0.842649,0.000838249
"ZNF800_S334_M1","PD_30m","PD","30m",1.05664,0.0206476
"ZNF800_S334_M1","PIPD_30m","PIPD","30m",1.07673,0.000367434
